timestamp,orbit,orbit_flag,vv_mean,vh_mean,soil_saturation,flood_extent,wetness_trend,rainfall_1d,rainfall_3d,rainfall_7d,era5_runoff_1d,era5_runoff_7d,era5_soil_water,flood_label
2017-01-12T21:46:31Z,DESCENDING,1,-23.2407,-29.2149,0.1156,0.7955,0,0.02,79.495,82.985,5.5015,88.4252,0.37975,0
2017-01-24T21:46:31Z,DESCENDING,1,-22.6805,-29.0327,0.124,0.7817,0,0.0,25.385,25.87,4.743,35.0853,0.37187,0
2017-02-05T21:46:33Z,DESCENDING,1,-27.1942,-29.0366,0.0361,0.9354,-1,0.0,0.09,56.194,4.0124,170.3232,0.44299,1
2017-02-17T21:46:33Z,DESCENDING,1,-25.7709,-29.1693,0.0641,0.8835,1,1.295,6.1,7.27,3.3993,24.8785,0.30442,0
2017-03-01T21:46:33Z,DESCENDING,1,-24.1895,-29.2582,0.0964,0.827,-1,0.016,0.016,4.126,2.7892,20.6815,0.26408,0
2017-03-13T21:46:33Z,DESCENDING,1,-22.4424,-29.2442,0.1325,0.768,-1,0.0,3.14,3.23,2.1871,16.2139,0.24088,0
2017-03-25T21:46:33Z,DESCENDING,1,-21.8392,-29.1242,0.1437,0.7506,-1,0.0,0.0,3.725,1.6581,12.5266,0.24226,0
2017-04-06T21:46:34Z,DESCENDING,1,-25.2852,-29.5819,0.0804,0.8551,-1,0.88,0.88,1.787,1.2455,9.338,0.23566,0
2017-04-18T21:46:34Z,DESCENDING,1,-23.9072,-29.696,0.1087,0.8062,1,0.0,35.83,36.285,0.9654,7.6345,0.25531,0
2017-04-30T21:46:35Z,DESCENDING,1,-25.1063,-29.8783,0.0889,0.8411,-1,0.0,0.82,4.145,0.8201,6.1118,0.28535,0
2017-05-12T21:46:36Z,DESCENDING,1,-24.1139,-29.8486,0.1071,0.8094,1,0.215,1.07,2.265,0.5653,4.3279,0.27659,0
2017-05-24T21:46:36Z,DESCENDING,1,-22.4417,-28.9317,0.1273,0.7774,-1,2.445,32.055,48.69,2.1988,13.3065,0.40214,0
2017-05-26T10:05:58Z,ASCENDING,0,-19.435,-28.2774,0.1859,0.6877,0,10.21,20.415,58.07,2.3647,16.1153,0.4504,1
2017-06-05T21:46:37Z,DESCENDING,1,-24.5441,-27.6759,0.0619,0.8871,-1,0.165,14.025,45.186,44.1856,125.4851,0.46657,0
2017-06-07T10:05:59Z,ASCENDING,0,-19.9772,-28.471,0.1756,0.7024,0,8.785,10.91,24.896,1.693,122.6035,0.4722,0
2017-06-19T10:06:00Z,ASCENDING,0,-17.9699,-28.2688,0.2227,0.637,1,6.12,6.65,18.45,0.7467,5.3791,0.43814,0
2017-06-29T21:46:38Z,DESCENDING,1,-22.4355,-27.6022,0.1038,0.8139,0,0.285,27.54,57.015,12.0568,299.7269,0.47458,1
2017-07-01T10:06:00Z,ASCENDING,0,-19.8487,-26.9258,0.1513,0.7386,-1,10.99,16.525,71.735,1.9076,300.9414,0.47771,1
2017-07-11T21:46:39Z,DESCENDING,1,-22.188,-28.5075,0.125,0.7796,0,9.58,35.735,67.95,12.9997,118.6718,0.4761,1
2017-07-13T10:06:01Z,ASCENDING,0,-19.3128,-28.414,0.1909,0.6805,1,25.845,52.71,94.57,107.8383,255.6531,0.477,1
2017-07-23T21:46:40Z,DESCENDING,1,-20.5813,-28.8169,0.1664,0.7161,0,0.83,11.41,51.26,11.4585,219.6031,0.47883,1
2017-07-25T10:06:02Z,ASCENDING,0,-16.7193,-27.414,0.2423,0.6111,-1,9.92,13.44,56.805,25.5983,243.7954,0.48332,1
2017-08-04T21:46:40Z,DESCENDING,1,-19.1266,-28.4956,0.1963,0.6731,-1,0.685,12.765,47.701,136.1146,462.6691,0.48146,0
2017-08-06T10:06:03Z,ASCENDING,0,-18.8399,-27.818,0.1946,0.6777,-1,0.0,2.575,43.316,69.184,460.3265,0.48047,0
2017-08-16T21:46:41Z,DESCENDING,1,-23.7273,-28.8739,0.099,0.8227,-1,2.36,11.545,23.665,45.4943,542.7567,0.46177,0
2017-08-18T10:06:03Z,ASCENDING,0,-18.5179,-27.5057,0.1956,0.6741,1,11.84,16.87,36.07,88.0554,560.1901,0.47461,0
2017-08-28T21:46:42Z,DESCENDING,1,-27.2247,-29.2863,0.0382,0.9296,1,15.135,33.0,155.605,89.8357,943.4498,0.46065,1
2017-08-30T10:06:04Z,ASCENDING,0,-17.738,-27.0064,0.2073,0.6578,0,14.815,34.18,145.6,77.5404,758.2938,0.45524,1
2017-09-09T21:46:42Z,DESCENDING,1,-23.0386,-29.2075,0.1191,0.7895,1,0.235,0.24,16.08,37.6574,311.3848,0.45586,0
2017-09-11T10:06:04Z,ASCENDING,0,-17.267,-27.4531,0.2278,0.6303,-1,102.615,104.8,109.36,43.2119,295.3362,0.46174,1
2017-09-21T21:46:42Z,DESCENDING,1,-25.1712,-29.3506,0.0794,0.858,-1,4.475,35.505,59.47,33.2015,240.7417,0.4705,1
2017-09-23T10:06:05Z,ASCENDING,0,-19.9891,-27.2976,0.1552,0.7327,0,4.36,26.095,79.57,2261.7093,2745.1559,0.4764,1
2017-10-03T21:46:43Z,DESCENDING,1,-21.9659,-28.8116,0.1348,0.764,1,7.59,39.781,61.996,73.258,509.7376,0.47174,1
2017-10-05T10:06:05Z,ASCENDING,0,-24.6625,-27.9044,0.0646,0.8827,1,19.275,72.115,121.646,46.3761,449.6908,0.48245,1
2017-10-15T21:46:43Z,DESCENDING,1,-24.2163,-29.3876,0.0972,0.8255,-1,2.915,85.835,116.855,127.0212,1917.3444,0.47133,1
2017-10-17T10:06:05Z,ASCENDING,0,-17.3228,-27.8043,0.2322,0.6242,1,5.88,9.57,96.745,73.7167,1059.743,0.46304,1
2017-10-27T21:46:43Z,DESCENDING,1,-22.9987,-29.1291,0.1179,0.7911,1,0.0,0.765,2.565,38.8799,336.0252,0.4387,0
2017-10-29T10:06:05Z,ASCENDING,0,-18.317,-28.0117,0.21,0.6549,-1,0.035,0.115,1.42,34.5184,293.4968,0.42297,0
2017-11-08T21:46:43Z,DESCENDING,1,-21.0812,-29.2014,0.1615,0.7234,-1,0.155,2.705,52.76,22.7641,182.8249,0.45589,1
2017-11-10T10:06:05Z,ASCENDING,0,-22.1042,-27.9514,0.1198,0.7907,1,8.185,74.75,107.515,54.1031,304.8445,0.44871,1
2017-11-20T21:46:43Z,DESCENDING,1,-24.7254,-29.5523,0.0908,0.8368,-1,0.355,3.655,12.465,18.2857,136.6538,0.40069,0
2017-11-22T10:06:04Z,ASCENDING,0,-17.5741,-27.6527,0.2229,0.6365,1,0.1,0.785,8.0,17.3853,130.5428,0.3842,0
2017-12-02T21:46:42Z,DESCENDING,1,-23.0351,-29.485,0.124,0.7818,1,0.0,11.686,23.131,13.2837,101.3316,0.31056,0
2017-12-04T10:06:04Z,ASCENDING,0,-25.4839,-28.0931,0.0504,0.9066,-1,0.0,0.0,22.486,12.5589,95.8486,0.29878,0
2017-12-14T21:46:42Z,DESCENDING,1,-20.2267,-29.2282,0.182,0.6935,-1,1.22,20.86,23.465,9.5474,72.9992,0.30908,0
2017-12-16T10:06:04Z,ASCENDING,0,-21.0778,-27.8048,0.1383,0.7588,1,4.16,11.58,33.445,9.5952,69.5752,0.30337,0
2017-12-26T21:46:41Z,DESCENDING,1,-21.5799,-29.4826,0.1545,0.7339,-1,12.19,25.545,27.17,31.9339,78.7082,0.3477,0
2017-12-28T10:06:03Z,ASCENDING,0,-17.0839,-27.548,0.2344,0.6213,-1,0.16,32.785,47.465,7.7418,80.8168,0.36014,0
2018-01-07T21:46:41Z,DESCENDING,1,-27.4707,-29.7646,0.042,0.9231,1,0.005,0.06,5.793,7.8284,44.0613,0.36843,0
2018-01-09T10:06:03Z,ASCENDING,0,-17.5495,-27.5485,0.2217,0.6382,-1,0.0,0.065,0.55,5.3022,42.19,0.37989,0
2018-01-19T21:46:40Z,DESCENDING,1,-21.5466,-29.4581,0.1554,0.7328,1,1.75,17.415,67.71,4.396,208.0501,0.38025,0
2018-01-21T10:06:02Z,ASCENDING,0,-21.9744,-28.0624,0.1231,0.7831,0,0.0,2.17,65.575,4.2717,206.9872,0.40339,0
2018-01-31T21:46:40Z,DESCENDING,1,-26.3993,-29.4071,0.0568,0.8972,-1,0.0,0.04,13.115,3.793,269.0984,0.46036,0
2018-02-02T10:06:02Z,ASCENDING,0,-17.1998,-27.1414,0.2243,0.6348,1,0.0,0.019,7.379,3.7494,252.0333,0.45611,0
2018-02-12T21:46:40Z,DESCENDING,1,-20.8052,-29.0445,0.1659,0.7171,1,0.0,0.0,0.0,3.3054,24.5096,0.35387,0
2018-02-14T10:06:02Z,ASCENDING,0,-16.8058,-26.7207,0.228,0.6299,-1,0.39,1.105,1.105,3.2224,23.666,0.34105,0
2018-02-24T21:46:40Z,DESCENDING,1,-21.5483,-29.2352,0.152,0.738,-1,0.0,0.0,0.165,2.7321,20.2585,0.26844,0
2018-02-26T10:06:02Z,ASCENDING,0,-16.2183,-27.2015,0.2531,0.5978,0,0.32,3.975,3.975,2.9657,19.8575,0.26355,0
2018-03-08T21:46:40Z,DESCENDING,1,-18.7973,-29.0883,0.2147,0.6479,1,0.0,0.0,1.58,2.2519,16.2231,0.24986,0
2018-03-10T10:06:02Z,ASCENDING,0,-15.7163,-26.8211,0.2613,0.5871,-1,0.0,0.0,1.58,2.0682,15.5419,0.24776,0
2018-03-20T21:46:40Z,DESCENDING,1,-21.2773,-30.8331,0.1827,0.693,-1,0.0,0.0,0.0,1.664,12.435,0.23708,0
2018-03-22T10:06:02Z,ASCENDING,0,-15.7191,-29.1742,0.2991,0.5413,-1,0.49,0.805,0.805,1.5911,11.8732,0.23715,0
2018-04-01T21:46:40Z,DESCENDING,1,-22.1916,-31.1891,0.1683,0.714,1,0.036,3.176,3.176,1.2546,9.6017,0.24372,0
2018-04-03T10:06:02Z,ASCENDING,0,-20.4465,-29.7028,0.1851,0.6899,0,0.215,0.251,3.391,1.4105,9.4688,0.25038,0
2018-04-13T21:46:41Z,DESCENDING,1,-22.9073,-31.4948,0.158,0.7297,1,1.97,1.97,2.14,0.9672,7.362,0.2532,0
2018-04-15T10:06:03Z,ASCENDING,0,-20.0373,-28.8701,0.1803,0.6961,1,13.875,15.845,16.015,0.9355,7.0629,0.2488,0
2018-04-25T21:46:41Z,DESCENDING,1,-24.3622,-31.5265,0.1291,0.7748,1,31.48,31.48,32.585,0.7932,5.5543,0.23705,0
2018-04-27T10:06:03Z,ASCENDING,0,-17.4803,-28.9543,0.2464,0.6062,0,1.74,33.22,34.13,0.7035,5.3394,0.239,0
2018-05-07T21:46:42Z,DESCENDING,1,-22.9653,-31.0684,0.1508,0.7418,1,0.48,18.68,20.294,0.6634,4.2563,0.24091,0
2018-05-09T10:06:04Z,ASCENDING,0,-23.4872,-28.7023,0.1016,0.8199,-1,0.0,18.125,36.855,0.6057,4.3671,0.2492,0
2018-05-19T21:46:42Z,DESCENDING,1,-24.032,-31.0998,0.1285,0.7756,-1,0.0,6.445,15.585,0.4809,4.0431,0.32958,0
2018-05-21T10:06:04Z,ASCENDING,0,-19.5535,-29.2116,0.1977,0.6713,1,0.075,0.115,15.12,1.1459,4.7227,0.31827,0
2018-05-31T21:46:43Z,DESCENDING,1,-25.3286,-31.5547,0.1101,0.8051,1,4.81,10.16,21.985,0.4206,4.8599,0.35429,0
2018-06-02T10:06:05Z,ASCENDING,0,-17.0196,-27.5954,0.2368,0.6182,-1,8.9,15.113,24.933,2.0221,5.435,0.34943,0
2018-06-12T21:46:44Z,DESCENDING,1,-20.3178,-30.7239,0.2026,0.6648,1,37.835,213.625,377.025,11.3687,288.9922,0.47833,1
2018-06-14T10:06:06Z,ASCENDING,0,-18.1903,-27.2077,0.1987,0.67,-1,27.31,126.565,421.13,105.6308,434.2555,0.48011,1
2018-06-24T21:46:44Z,DESCENDING,1,-22.9421,-31.1056,0.1507,0.7405,-1,11.085,26.305,76.565,7.5317,142.4025,0.47084,1
2018-06-26T10:06:07Z,ASCENDING,0,-27.1688,-28.7619,0.0318,0.9436,1,14.02,44.205,109.44,231.7617,499.3507,0.47312,1
2018-07-06T21:46:45Z,DESCENDING,1,-26.8412,-35.2314,0.1351,0.7676,1,0.88,1.455,13.499,70.7578,138.4121,0.47785,0
2018-07-08T10:06:07Z,ASCENDING,0,-19.4893,-29.3562,0.201,0.6672,1,12.9,45.92,56.675,92.9049,296.8297,0.47659,1
2018-07-18T21:46:46Z,DESCENDING,1,-27.7264,-34.8389,0.1139,0.8006,1,26.675,222.045,322.685,229.6257,2310.559,0.48253,1
2018-07-20T10:06:08Z,ASCENDING,0,-16.032,-29.0777,0.288,0.5544,-1,19.31,114.965,380.23,151.0106,2396.3226,0.48201,1
2018-07-30T21:46:47Z,DESCENDING,1,-22.6023,-34.1883,0.2023,0.6663,1,0.0,14.43,53.59,98.288,1168.1855,0.48294,1
2018-08-01T10:06:09Z,ASCENDING,0,-18.1469,-29.1421,0.2319,0.6253,-1,3.342,3.442,51.607,92.3092,938.2517,0.48469,1
2018-08-11T21:46:47Z,DESCENDING,1,-18.2225,-32.3313,0.2767,0.5688,-1,103.735,193.78,248.45,1009.9046,1613.9907,0.47901,1
2018-08-13T10:06:09Z,ASCENDING,0,-16.4187,-28.3971,0.2672,0.5804,1,37.745,225.25,352.27,216.8251,2138.0146,0.47945,1
2018-08-23T21:46:48Z,DESCENDING,1,-19.5985,-34.0106,0.266,0.5822,-1,2.28,10.285,95.56,107.7325,1080.0117,0.48152,1
2018-08-25T10:06:10Z,ASCENDING,0,-16.5415,-29.392,0.2791,0.5654,-1,21.74,33.455,67.745,87.9663,1027.5609,0.48715,1
2018-09-04T21:46:49Z,DESCENDING,1,-19.6755,-35.124,0.2788,0.5677,1,17.575,60.925,114.209,220.0804,852.6089,0.45974,1
2018-09-06T10:06:11Z,ASCENDING,0,-18.7682,-30.0849,0.2314,0.6262,0,40.56,59.93,152.854,412.7402,1259.2529,0.47544,1
2018-09-16T21:46:49Z,DESCENDING,1,-25.6907,-34.229,0.1421,0.756,0,8.775,143.495,178.32,66.2094,719.8114,0.48064,1
2018-09-18T10:06:11Z,ASCENDING,0,-17.3802,-31.5022,0.2875,0.5559,1,1.0,10.985,170.315,54.3099,612.9659,0.47915,1
2018-09-22T21:45:51Z,DESCENDING,1,-23.5992,-35.2668,0.1966,0.674,1,4.43,36.22,54.145,50.7843,505.6823,0.46562,1
2018-09-28T21:46:49Z,DESCENDING,1,-26.6075,-34.4809,0.1302,0.7757,1,0.0,13.635,19.76,39.8542,313.7287,0.45858,0
2018-09-30T10:06:11Z,ASCENDING,0,-17.8123,-30.7848,0.2652,0.5827,-1,0.0,0.0,14.505,36.2184,289.529,0.45043,0
2018-10-10T21:46:50Z,DESCENDING,1,-24.5805,-34.452,0.1666,0.7186,-1,1.65,8.535,8.61,46.913,369.6653,0.44695,0
2018-10-12T10:06:12Z,ASCENDING,0,-27.0804,-30.4272,0.0608,0.8909,0,0.06,1.71,8.67,41.4348,342.0263,0.44866,0
2018-10-22T21:46:50Z,DESCENDING,1,-27.6065,-34.5906,0.1124,0.8035,-1,0.0,12.835,35.375,26.5458,244.4167,0.46048,0
2018-10-24T10:06:12Z,ASCENDING,0,-17.3545,-31.7432,0.2915,0.5506,1,0.0,0.0,13.555,24.6463,194.7586,0.43137,0
2018-11-03T21:46:50Z,DESCENDING,1,-22.9623,-34.7423,0.2021,0.6669,1,0.11,0.14,61.595,17.0794,185.7791,0.42002,0
2018-11-05T10:06:12Z,ASCENDING,0,-17.8602,-29.5124,0.2449,0.6092,-1,0.0,0.38,54.99,15.9245,176.8978,0.43159,1
2018-11-15T21:46:49Z,DESCENDING,1,-24.6814,-34.4618,0.1643,0.7214,-1,0.77,0.77,1.135,11.3789,88.3679,0.30348,0
2018-11-27T21:46:49Z,DESCENDING,1,-24.3865,-33.9371,0.1634,0.7233,1,0.0,0.56,32.085,7.8457,60.7874,0.27657,0
2018-11-29T10:06:11Z,ASCENDING,0,-17.6536,-30.7169,0.2687,0.5785,0,0.0,0.0,2.285,7.4056,57.1135,0.27442,0
2018-12-11T10:06:10Z,ASCENDING,0,-17.9473,-29.8744,0.2485,0.6037,0,0.13,0.175,2.17,5.2416,40.0061,0.24554,0
2018-12-21T21:46:48Z,DESCENDING,1,-24.1425,-33.6058,0.1641,0.7221,0,0.495,4.74,5.04,4.1339,31.0857,0.25967,0
2018-12-23T10:06:10Z,ASCENDING,0,-22.3113,-30.3853,0.1526,0.7379,0,66.985,76.105,80.425,22.6739,48.3974,0.29249,0
2019-01-02T21:46:48Z,DESCENDING,1,-26.4421,-33.2145,0.1162,0.7979,0,0.0,12.686,103.206,3.4017,99.8095,0.46098,1
2019-01-04T10:06:10Z,ASCENDING,0,-18.1894,-28.2053,0.2151,0.6477,1,0.185,0.185,48.711,3.3147,93.5655,0.45967,0
2019-01-14T21:46:47Z,DESCENDING,1,-23.2796,-34.9287,0.1981,0.6725,1,2.735,2.78,2.825,2.9365,21.4452,0.33561,0
2019-01-16T10:06:09Z,ASCENDING,0,-19.1141,-30.4526,0.2275,0.6315,-1,0.0,2.735,2.825,2.8555,20.8536,0.31732,0
2019-01-26T21:46:47Z,DESCENDING,1,-22.2639,-34.7428,0.217,0.6466,-1,0.045,0.045,0.185,2.4671,18.0537,0.2639,0
2019-01-28T10:06:09Z,ASCENDING,0,-14.7399,-28.2193,0.3129,0.5253,1,0.06,0.105,0.105,2.3898,17.5193,0.25824,0
2019-02-07T21:46:46Z,DESCENDING,1,-25.546,-33.2029,0.1307,0.7733,-1,0.0,0.0,0.647,2.0162,15.0154,0.24649,0
2019-02-09T10:06:09Z,ASCENDING,0,-21.3754,-28.7359,0.147,0.746,-1,0.0,0.0,0.445,1.9338,14.4487,0.24463,0
2019-02-19T21:46:46Z,DESCENDING,1,-24.0485,-33.601,0.1655,0.7197,1,0.0,0.0,1.29,1.5806,11.8745,0.23905,0
2019-02-21T10:06:08Z,ASCENDING,0,-22.6853,-31.5354,0.1637,0.7215,1,0.0,0.0,0.0,1.5118,11.3212,0.23748,0
2019-03-03T21:46:46Z,DESCENDING,1,-22.5882,-34.3106,0.2052,0.6624,-1,0.0,0.006,1.971,1.2249,9.2613,0.23932,0
2019-03-05T10:06:08Z,ASCENDING,0,-18.6804,-29.4704,0.2232,0.637,1,0.0,0.0,0.006,1.1718,8.8523,0.2391,0
2019-03-15T21:46:46Z,DESCENDING,1,-21.6831,-33.8079,0.2171,0.6458,-1,1.235,1.385,1.385,1.8754,8.0198,0.24776,0
2019-03-17T10:06:08Z,ASCENDING,0,-28.1877,-29.8715,0.0307,0.9458,-1,0.69,1.925,2.075,0.9027,7.7853,0.27152,0
2019-03-27T21:46:47Z,DESCENDING,1,-22.6917,-34.5298,0.2055,0.6619,-1,0.525,1.52,1.52,0.7258,5.4519,0.25051,0
2019-03-29T10:06:09Z,ASCENDING,0,-20.8423,-28.5902,0.1561,0.7321,1,0.0,0.525,1.52,0.7173,5.2264,0.24419,0
2019-04-08T21:46:47Z,DESCENDING,1,-22.9458,-33.8548,0.1906,0.6827,1,0.29,0.29,0.745,0.5513,4.181,0.23577,0
2019-04-10T10:06:09Z,ASCENDING,0,-19.8709,-30.5823,0.2108,0.6538,-1,0.0,10.27,10.27,0.5323,3.9953,0.23569,0
2019-04-20T21:46:47Z,DESCENDING,1,-23.9367,-34.5264,0.1801,0.6982,0,0.0,0.0,0.0,0.4451,3.4573,0.29958,0
2019-04-22T10:06:10Z,ASCENDING,0,-22.0493,-29.3936,0.1442,0.7521,-1,0.0,0.0,0.0,0.4317,3.2788,0.27401,0
2019-05-02T21:46:48Z,DESCENDING,1,-27.663,-33.6715,0.0996,0.8253,1,0.0,0.125,4.34,0.5506,2.8619,0.24384,0
2019-05-04T10:06:10Z,ASCENDING,0,-14.8632,-27.6869,0.3007,0.5393,1,0.875,0.875,2.525,0.3693,2.9689,0.25634,0
2019-05-14T21:46:48Z,DESCENDING,1,-29.2375,-33.432,0.0693,0.877,1,3.045,3.045,59.475,0.6139,23.6774,0.44671,1
2019-05-16T10:06:11Z,ASCENDING,0,-15.5927,-27.6528,0.278,0.5666,-1,0.0,7.925,9.19,0.391,5.545,0.43763,0
2019-05-26T21:46:49Z,DESCENDING,1,-28.1288,-33.4116,0.0891,0.8443,1,29.885,49.24,71.74,35.1158,40.6765,0.42971,0
2019-05-28T10:06:11Z,ASCENDING,0,-20.3972,-27.3563,0.1452,0.7485,1,8.63,48.54,81.795,0.6746,43.0579,0.44242,1
2019-06-07T21:46:49Z,DESCENDING,1,-23.9394,-33.7535,0.1689,0.7141,-1,0.59,2.335,7.5,0.6605,30.4421,0.42843,0
2019-06-09T10:06:12Z,ASCENDING,0,-18.087,-29.2665,0.2349,0.6212,1,19.87,20.46,26.35,0.4085,30.6782,0.42267,0
2019-06-19T21:46:50Z,DESCENDING,1,-26.1913,-33.6296,0.1244,0.7829,-1,0.65,0.805,22.44,0.4576,44.9421,0.46732,0
2019-06-21T10:06:13Z,ASCENDING,0,-19.4635,-30.5665,0.2209,0.6399,-1,0.19,11.26,28.685,0.8507,43.053,0.45592,0
2019-07-01T21:46:51Z,DESCENDING,1,-21.2182,-33.0216,0.2158,0.6473,1,75.986,165.271,248.176,238.6785,303.6164,0.4815,1
2019-07-03T10:06:13Z,ASCENDING,0,-21.3483,-28.5107,0.1445,0.7512,1,1.13,83.921,225.181,0.6233,328.2132,0.48384,1
2019-07-13T21:46:52Z,DESCENDING,1,-27.3011,-32.5298,0.0885,0.8424,-1,10.37,23.8,26.335,2.46,28.213,0.44322,0
2019-07-15T10:06:14Z,ASCENDING,0,-20.2854,-30.382,0.1991,0.6702,1,19.555,43.33,57.48,0.644,30.2465,0.45798,1
2019-07-25T21:46:52Z,DESCENDING,1,-23.2371,-32.6861,0.1678,0.7156,1,14.625,28.365,65.94,26.1392,117.1656,0.47367,1
2019-07-27T10:06:15Z,ASCENDING,0,-22.3619,-30.0493,0.1471,0.7463,-1,24.865,47.455,89.44,3.5173,119.6046,0.47067,1
2019-08-06T21:46:53Z,DESCENDING,1,-18.6349,-32.2513,0.2656,0.5824,-1,12.865,51.99,195.204,63.1277,698.7753,0.48613,1
2019-08-08T10:06:16Z,ASCENDING,0,-14.5418,-28.0052,0.315,0.5228,1,37.93,67.065,208.655,113.5682,903.4029,0.48444,1
2019-08-18T21:46:54Z,DESCENDING,1,-27.5678,-33.155,0.0929,0.8349,-1,0.0,2.115,5.395,46.5785,487.8349,0.45634,0
2019-08-20T10:06:16Z,ASCENDING,0,-18.2833,-30.4445,0.2486,0.6038,-1,13.95,17.43,20.92,39.8427,366.4028,0.45395,0
2019-08-30T21:46:54Z,DESCENDING,1,-22.3685,-33.5573,0.1981,0.6721,1,15.685,30.01,185.225,37.5553,460.3321,0.48045,1
2019-09-01T10:06:17Z,ASCENDING,0,-18.8034,-29.4373,0.2193,0.6422,1,15.368,65.653,132.883,139.7002,595.1474,0.47723,1
2019-09-11T21:46:55Z,DESCENDING,1,-25.7241,-32.3278,0.1141,0.7996,-1,19.81,61.705,84.54,86.5682,774.5276,0.46992,1
2019-09-13T10:06:17Z,ASCENDING,0,-24.4105,-31.3268,0.1258,0.7812,1,4.72,67.915,129.605,61.1274,630.8705,0.47646,1
2019-09-23T21:46:56Z,DESCENDING,1,-23.4301,-32.4215,0.1601,0.7268,1,0.895,4.72,100.39,79.3993,2114.1772,0.46481,1
2019-09-25T10:06:18Z,ASCENDING,0,-25.6386,-30.7452,0.0968,0.8351,1,0.4,1.84,77.105,63.2722,848.9141,0.4536,1
2019-10-05T21:46:56Z,DESCENDING,1,-24.0761,-31.9864,0.1409,0.7565,-1,0.48,3.495,41.539,29.7187,258.0817,0.46059,0
2019-10-07T10:06:18Z,ASCENDING,0,-17.784,-30.3126,0.2593,0.59,1,0.0,4.595,37.119,26.3326,224.8593,0.44878,0
2019-10-17T21:46:56Z,DESCENDING,1,-26.1584,-32.4474,0.1082,0.8091,1,0.0,1.13,28.29,16.1597,131.0392,0.34529,0
2019-10-19T10:06:18Z,ASCENDING,0,-22.912,-30.5707,0.1431,0.7524,-1,0.0,0.0,2.185,15.0594,119.2597,0.32681,0
2019-10-29T21:46:56Z,DESCENDING,1,-23.6545,-32.5401,0.1579,0.7307,1,1.755,17.16,18.0,10.1446,78.6902,0.29447,0
2019-10-31T10:06:18Z,ASCENDING,0,-17.2673,-31.1772,0.2857,0.5577,1,24.67,28.975,45.17,9.3083,72.8776,0.28801,0
2019-11-10T21:46:56Z,DESCENDING,1,-23.8567,-30.8552,0.1285,0.7759,-1,0.07,0.07,71.12,7.2105,140.2837,0.46434,1
2019-11-12T10:06:18Z,ASCENDING,0,-23.6312,-30.9379,0.1347,0.7667,-1,0.875,2.37,35.37,6.8284,135.7398,0.46049,0
2019-11-22T21:46:56Z,DESCENDING,1,-23.341,-33.212,0.1732,0.708,0,0.71,18.695,21.35,6.6273,42.5681,0.40239,0
2019-11-24T10:06:18Z,ASCENDING,0,-19.4571,-30.9618,0.2269,0.632,1,0.335,2.805,20.79,5.4099,41.8492,0.40849,0
2019-12-04T21:46:55Z,DESCENDING,1,-23.1561,-33.2863,0.1786,0.6998,-1,0.0,59.255,60.024,10.4165,136.3889,0.36473,0
2019-12-06T10:06:17Z,ASCENDING,0,-21.3974,-30.969,0.1829,0.6938,-1,0.0,0.0,59.734,4.2691,135.3594,0.39372,0
2019-12-16T21:46:55Z,DESCENDING,1,-21.5685,-34.4854,0.2281,0.6312,0,0.0,0.0,0.075,3.5679,26.3704,0.34807,0
2019-12-18T10:06:17Z,ASCENDING,0,-19.0258,-30.9415,0.2374,0.6184,1,0.74,0.74,0.815,3.4396,25.4608,0.32713,0
2019-12-28T21:46:54Z,DESCENDING,1,-28.147,-33.5776,0.0912,0.8397,-1,0.0,0.39,101.69,2.9718,22.5736,0.31969,0
2019-12-30T10:06:16Z,ASCENDING,0,-18.515,-29.7328,0.2318,0.6253,-1,0.095,0.095,101.53,2.83,21.9211,0.33323,0
2020-01-09T21:46:54Z,DESCENDING,1,-24.0807,-33.4369,0.1632,0.7238,1,0.0,5.05,5.895,2.3402,17.3819,0.26751,0
2020-01-11T10:06:16Z,ASCENDING,0,-21.7772,-30.1782,0.162,0.7243,-1,0.015,0.525,6.135,2.2809,16.7984,0.26127,0
2020-01-15T21:46:14Z,DESCENDING,1,-23.1468,-29.6598,0.125,0.7798,1,0.0,2.855,10.685,2.0979,15.7079,0.2579,0
2020-01-17T10:06:30Z,ASCENDING,0,-25.4013,-26.3959,0.0216,0.9608,0,0.015,0.015,10.19,2.0352,15.166,0.25722,0
2020-01-21T21:46:53Z,DESCENDING,1,-22.1478,-28.16,0.1215,0.7853,-1,0.0,0.0,0.015,1.8792,13.9583,0.25223,0
2020-01-23T10:06:15Z,ASCENDING,0,-16.2367,-27.8178,0.263,0.5848,-1,0.215,0.215,0.23,1.8029,13.4187,0.24885,0
2020-01-27T21:46:14Z,DESCENDING,1,-24.8496,-29.4533,0.087,0.8423,-1,0.0,0.0,0.855,1.6961,13.7381,0.30011,0
2020-01-29T10:06:59Z,ASCENDING,0,-19.2947,-26.6061,0.1604,0.7248,-1,0.06,0.06,0.915,1.637,13.3192,0.31651,0
2020-02-02T21:46:39Z,DESCENDING,1,-22.5748,-28.4586,0.1172,0.7925,1,0.0,0.043,0.103,1.5166,11.2447,0.29164,0
2020-02-04T10:06:15Z,ASCENDING,0,-18.0947,-28.2652,0.2196,0.6411,-1,0.17,0.63,0.733,1.4585,10.8422,0.27536,0
2020-02-08T21:45:58Z,DESCENDING,1,-21.8172,-29.627,0.1532,0.7357,1,0.26,29.69,31.01,1.7495,10.7015,0.27661,0
2020-02-10T10:06:59Z,ASCENDING,0,-16.3958,-26.3094,0.2327,0.6236,-1,0.0,0.35,30.64,1.3219,10.4365,0.29871,0
2020-02-14T21:46:39Z,DESCENDING,1,-26.2319,-28.267,0.0397,0.9262,0,0.0,0.0,0.35,1.2479,9.5809,0.31811,0
2020-02-16T10:06:15Z,ASCENDING,0,-26.2036,-28.3194,0.0413,0.9239,-1,0.0,0.0,0.0,1.182,8.7895,0.29233,0
2020-02-20T21:45:58Z,DESCENDING,1,-20.4594,-29.2485,0.178,0.699,0,0.0,0.0,0.0,1.088,8.1303,0.26403,0
2020-02-22T10:06:59Z,ASCENDING,0,-14.8538,-26.7147,0.286,0.5569,1,0.0,0.0,0.0,1.0464,7.7928,0.25499,0
2020-02-26T21:46:52Z,DESCENDING,1,-23.0781,-28.2369,0.1024,0.8163,-1,0.14,0.815,0.815,1.0397,7.3063,0.2451,0
2020-02-28T10:06:14Z,ASCENDING,0,-17.419,-28.2825,0.2381,0.6164,1,0.0,0.14,0.815,0.9325,7.0401,0.2442,0
2020-03-09T21:46:52Z,DESCENDING,1,-24.339,-27.8242,0.0704,0.873,-1,0.0,0.0,0.0,0.7753,5.7779,0.23946,0
2020-03-11T10:06:15Z,ASCENDING,0,-17.0359,-27.8233,0.2411,0.6131,1,0.465,15.245,15.245,0.7772,5.7333,0.24761,0
2020-03-21T21:46:53Z,DESCENDING,1,-23.8648,-28.1854,0.0859,0.8449,-1,0.0,0.15,1.845,0.589,4.449,0.2463,0
2020-03-23T10:06:15Z,ASCENDING,0,-19.9936,-28.1946,0.1708,0.7092,1,0.0,0.0,1.49,0.5588,4.2216,0.24165,0
2020-04-02T21:46:53Z,DESCENDING,1,-22.9006,-28.1906,0.1062,0.8107,0,0.46,0.493,0.493,0.4491,3.4144,0.23612,0
2020-04-04T10:06:15Z,ASCENDING,0,-19.2185,-28.1467,0.1887,0.6834,1,0.0,0.46,0.493,0.4265,3.2565,0.23596,0
2020-04-14T21:46:53Z,DESCENDING,1,-22.7507,-28.367,0.1118,0.8009,-1,0.0,2.12,2.445,0.3558,3.4225,0.2748,0
2020-04-16T10:06:16Z,ASCENDING,0,-21.1168,-28.1329,0.1431,0.7508,-1,0.0,0.0,2.445,0.4199,3.0585,0.27988,0
2020-04-26T21:46:54Z,DESCENDING,1,-23.0703,-28.3944,0.105,0.8117,0,0.0,0.0,15.12,0.2815,2.1969,0.24634,0
2020-04-28T10:06:16Z,ASCENDING,0,-16.3743,-28.2844,0.2669,0.5798,1,0.0,1.09,16.21,0.2651,2.105,0.24273,0
2020-05-08T21:46:54Z,DESCENDING,1,-25.2979,-28.2943,0.0585,0.893,0,0.315,1.37,2.01,0.2483,1.885,0.24236,0
2020-05-10T10:06:17Z,ASCENDING,0,-18.7712,-28.2984,0.2032,0.6635,-1,7.905,15.7,16.755,1.2479,3.8706,0.28014,0
2020-05-16T10:06:53Z,ASCENDING,0,-20.4177,-26.8423,0.1369,0.7605,-1,0.16,82.65,99.015,57.7436,516.1754,0.38797,0
2020-05-20T21:46:55Z,DESCENDING,1,-24.4079,-27.9761,0.0705,0.8715,1,0.57,1.71,84.36,0.5295,516.5696,0.42091,0
2020-05-22T10:06:17Z,ASCENDING,0,-19.9667,-27.7621,0.1649,0.7187,-1,1.555,2.68,3.98,1.1667,62.5607,0.43885,0
2020-06-01T21:46:56Z,DESCENDING,1,-23.0442,-28.1881,0.1015,0.817,-1,0.23,1.035,20.23,0.5872,4.8517,0.43228,0
2020-06-03T10:06:18Z,ASCENDING,0,-17.5694,-27.7787,0.2254,0.633,0,0.0,0.23,13.49,0.2453,3.835,0.41833,0
2020-06-13T21:46:57Z,DESCENDING,1,-22.6874,-27.9853,0.1058,0.8101,-1,6.63,71.25,121.995,88.6128,224.0472,0.45163,1
2020-06-15T10:06:19Z,ASCENDING,0,-23.5763,-27.8688,0.0855,0.8452,-1,16.925,24.87,127.785,61.4876,288.6424,0.46786,1
2020-06-25T21:46:57Z,DESCENDING,1,-23.2005,-28.2143,0.0989,0.8215,0,8.08,17.08,50.75,51.0866,232.622,0.47483,1
2020-06-27T10:06:19Z,ASCENDING,0,-19.6545,-27.8646,0.1739,0.7057,1,6.355,23.4,47.045,0.9831,65.204,0.47335,0
2020-07-07T21:46:58Z,DESCENDING,1,-24.0218,-27.9871,0.0779,0.8574,1,0.505,1.4,21.582,2.6612,98.5391,0.46109,0
2020-07-09T10:06:20Z,ASCENDING,0,-19.5815,-28.1081,0.1799,0.697,-1,9.205,14.37,34.6,12.0714,303.2532,0.47465,0
2020-07-19T21:46:59Z,DESCENDING,1,-23.7907,-27.3626,0.0712,0.8688,1,2.495,4.085,25.135,35.9207,60.6679,0.45693,0
2020-07-21T10:06:21Z,ASCENDING,0,-19.0868,-27.8019,0.1867,0.6864,0,17.585,24.865,29.11,245.9936,294.8571,0.4661,0
2020-07-31T21:46:59Z,DESCENDING,1,-23.2344,-27.8612,0.0992,0.832,0,19.07,93.53,134.255,92.5003,1175.0979,0.46548,1
2020-08-02T10:06:22Z,ASCENDING,0,-24.602,-27.7455,0.0641,0.8843,0,7.99,63.849,164.884,10.9531,1173.9026,0.47331,1
2020-08-12T21:47:00Z,DESCENDING,1,-25.4089,-27.5374,0.0421,0.9214,-1,3.13,14.445,97.18,52.3029,674.8124,0.47458,1
2020-08-14T10:06:22Z,ASCENDING,0,-18.0293,-27.8159,0.2139,0.6486,1,7.87,31.265,84.59,129.9049,954.6547,0.46981,1
2020-08-24T21:47:01Z,DESCENDING,1,-19.4724,-27.7416,0.1757,0.7021,1,0.0,0.87,72.76,96.0809,1924.3939,0.47451,1
2020-08-26T10:06:23Z,ASCENDING,0,-16.5694,-27.1887,0.2426,0.6108,-1,0.27,0.27,22.24,73.0285,1847.5947,0.45521,0
2020-09-05T21:47:01Z,DESCENDING,1,-23.9909,-27.7696,0.075,0.8627,-1,0.0,14.045,16.072,31.8579,321.2554,0.45895,0
2020-09-07T10:06:24Z,ASCENDING,0,-21.0276,-28.04,0.1441,0.7496,-1,13.015,16.665,31.407,59.5016,278.0928,0.45852,0
2020-09-17T21:47:02Z,DESCENDING,1,-25.4437,-27.6977,0.0452,0.9175,1,7.005,40.98,79.2,24.9323,456.9057,0.48914,1
2020-09-19T10:06:24Z,ASCENDING,0,-21.0582,-28.1549,0.1459,0.7473,1,3.105,14.695,73.81,61.0261,397.3295,0.48313,1
2020-09-29T21:47:02Z,DESCENDING,1,-24.3513,-27.1576,0.056,0.8959,1,2.79,6.725,47.92,43.7634,379.3677,0.47688,0
2020-10-01T10:06:24Z,ASCENDING,0,-19.7732,-27.7202,0.1685,0.7131,0,37.889,46.749,64.699,46.2908,305.5441,0.4807,1
2020-10-11T21:47:02Z,DESCENDING,1,-24.6401,-27.7438,0.0626,0.8872,-1,62.435,122.28,169.895,195.684,575.0453,0.47315,1
2020-10-13T10:06:24Z,ASCENDING,0,-19.0413,-27.9847,0.1911,0.6805,-1,7.74,84.89,174.205,222.7919,964.4819,0.47073,1
2020-10-23T21:47:02Z,DESCENDING,1,-23.4007,-27.814,0.0881,0.8407,0,4.2,8.715,142.035,177.7828,1101.2998,0.47894,1
2020-10-25T10:06:24Z,ASCENDING,0,-16.3106,-27.4761,0.2559,0.5946,-1,41.185,76.975,180.27,281.9,1695.486,0.47317,1
2020-11-04T21:47:02Z,DESCENDING,1,-27.1317,-27.9421,0.0178,0.9686,-1,6.465,14.39,54.39,50.8406,468.7844,0.47416,1
2020-11-06T10:06:24Z,ASCENDING,0,-22.7102,-27.9219,0.1053,0.8128,-1,0.035,7.015,53.605,44.8845,406.7928,0.47405,1
2020-11-16T21:47:02Z,DESCENDING,1,-21.8574,-28.125,0.128,0.7758,1,0.9,1.98,207.12,66.6919,1135.9065,0.46755,1
2020-11-18T10:06:24Z,ASCENDING,0,-18.1166,-27.8818,0.2127,0.6502,1,0.0,1.005,43.19,60.0372,804.0463,0.44425,0
2020-11-28T21:47:01Z,DESCENDING,1,-20.1305,-27.9859,0.1645,0.7187,-1,7.41,42.645,43.145,31.3966,267.5722,0.33388,0
2020-11-30T10:06:24Z,ASCENDING,0,-15.3587,-27.642,0.286,0.5565,-1,0.105,11.675,46.965,27.9821,235.9872,0.32826,0
2020-12-10T21:47:01Z,DESCENDING,1,-23.2817,-27.988,0.0939,0.8308,-1,19.87,41.255,68.605,18.245,144.678,0.43426,1
2020-12-12T10:06:23Z,ASCENDING,0,-20.9235,-28.107,0.1473,0.7446,-1,1.92,21.79,68.495,18.5598,134.4578,0.43269,1
2020-12-22T21:47:01Z,DESCENDING,1,-26.4147,-28.1236,0.0337,0.9377,1,0.0,0.715,49.11,12.943,335.6154,0.4441,0
2020-12-24T10:06:22Z,ASCENDING,0,-25.2295,-28.0059,0.0542,0.9,1,0.0,0.0,44.645,12.7826,332.9169,0.45095,0
2021-01-03T21:47:00Z,DESCENDING,1,-24.0129,-28.1305,0.0813,0.8525,1,42.51,44.008,62.068,15.6036,138.343,0.47046,1
2021-01-05T10:06:22Z,ASCENDING,0,-19.2275,-27.7931,0.1831,0.6917,1,0.0,42.7,48.183,14.2467,124.7637,0.47346,0
2021-01-15T21:46:59Z,DESCENDING,1,-21.575,-28.0521,0.132,0.7683,-1,0.0,0.0,0.01,13.0295,94.2431,0.37172,0
2021-01-17T10:06:21Z,ASCENDING,0,-12.8638,-27.1957,0.3588,0.4741,-1,3.635,4.275,4.285,12.7793,92.2658,0.35663,0
2021-01-27T21:46:59Z,DESCENDING,1,-22.9323,-28.0913,0.104,0.8145,-1,4.11,4.135,15.655,11.8915,89.0498,0.46982,0
2021-01-29T10:06:21Z,ASCENDING,0,-17.0453,-27.4933,0.235,0.6205,-1,0.0,4.83,8.48,10.9095,84.0909,0.45596,0
2021-02-08T21:46:59Z,DESCENDING,1,-21.4679,-27.8469,0.1316,0.7695,1,6.935,9.15,10.1,9.1692,67.9879,0.33485,0
2021-02-10T10:06:21Z,ASCENDING,0,-22.5305,-28.0423,0.1104,0.8034,1,1.745,13.415,16.58,9.0067,67.202,0.34145,0
2021-02-20T21:46:58Z,DESCENDING,1,-20.8314,-27.8555,0.1457,0.7471,-1,4.825,9.61,10.36,7.2901,54.9684,0.3506,0
2021-02-22T10:06:20Z,ASCENDING,0,-18.8315,-27.5933,0.189,0.6832,1,27.935,36.385,41.17,8.9471,54.4113,0.34019,0
2021-03-04T21:46:58Z,DESCENDING,1,-21.5399,-27.9273,0.1304,0.7707,-1,0.0,0.0,0.088,5.7541,44.797,0.37879,0
2021-03-06T10:06:20Z,ASCENDING,0,-18.7563,-27.9478,0.198,0.6712,-1,0.0,0.0,0.088,5.4941,43.0094,0.36996,0
2021-03-16T21:46:58Z,DESCENDING,1,-26.3233,-28.1337,0.0358,0.9339,1,15.635,24.44,37.705,4.6726,34.3196,0.3157,0
2021-03-18T10:06:20Z,ASCENDING,0,-20.3719,-27.6407,0.1531,0.7367,0,0.0,29.01,48.005,4.3647,33.2677,0.34334,0
2021-03-28T21:46:59Z,DESCENDING,1,-26.8432,-27.8826,0.0225,0.9601,1,0.0,0.0,0.71,3.5279,25.9972,0.31222,0
2021-03-30T10:06:21Z,ASCENDING,0,-23.1066,-27.8858,0.0964,0.8271,1,0.0,0.0,0.11,3.2825,24.8111,0.28953,0
2021-04-09T21:46:59Z,DESCENDING,1,-24.3841,-27.9446,0.0714,0.8706,1,0.045,0.105,0.105,2.5019,18.9233,0.24448,0
2021-04-11T10:06:21Z,ASCENDING,0,-15.6618,-27.4285,0.2734,0.5717,1,0.305,0.35,0.41,2.3473,17.9145,0.24131,0
2021-04-23T10:06:22Z,ASCENDING,0,-19.0345,-27.8791,0.1889,0.6831,-1,0.0,1.945,3.07,1.7901,13.5342,0.29568,0
2021-05-03T21:47:00Z,DESCENDING,1,-24.5211,-27.9249,0.0675,0.8765,0,0.0,0.237,0.327,1.3564,10.5609,0.261,0
2021-05-05T10:06:22Z,ASCENDING,0,-14.8887,-27.28,0.294,0.5467,1,0.26,0.26,0.497,1.2984,10.0438,0.25887,0
2021-05-17T10:06:23Z,ASCENDING,0,-16.6737,-27.5136,0.2468,0.6065,-1,0.885,3.325,6.265,0.9428,7.4054,0.2625,0
2021-05-27T21:47:01Z,DESCENDING,1,-23.3511,-28.0183,0.0929,0.8327,0,0.27,0.465,8.54,0.8179,8.3464,0.35696,0
2021-05-29T10:06:24Z,ASCENDING,0,-15.115,-27.4329,0.2897,0.5519,1,0.595,8.39,13.15,0.9106,7.8037,0.36436,0
2021-06-08T21:47:02Z,DESCENDING,1,-26.0052,-27.882,0.0379,0.9317,0,22.985,30.045,81.635,87.9445,155.8918,0.45696,1
2021-06-10T10:06:24Z,ASCENDING,0,-20.43,-27.4537,0.1494,0.7437,-1,18.13,52.77,61.48,1.9059,146.3233,0.47123,1
2021-06-20T21:47:03Z,DESCENDING,1,-22.7062,-28.0038,0.1058,0.8106,1,6.395,6.47,7.435,10.7909,16.0734,0.4271,0
2021-06-22T10:06:25Z,ASCENDING,0,-11.5623,-26.192,0.3883,0.4427,1,9.18,16.98,17.945,8.1392,43.7699,0.42923,0
2021-07-02T21:47:04Z,DESCENDING,1,-24.0762,-28.2045,0.081,0.8528,-1,0.55,7.825,46.955,26.9569,33.868,0.44614,0
2021-07-10T10:06:51Z,ASCENDING,0,-18.417,-26.1287,0.1745,0.7045,-1,6.58,9.72,53.14,0.9516,72.1649,0.46208,1
2021-07-14T21:47:04Z,DESCENDING,1,-23.1807,-28.0637,0.0972,0.8251,1,5.195,25.185,35.255,60.9617,114.0415,0.45535,0
2021-07-16T10:06:26Z,ASCENDING,0,-16.7386,-26.8777,0.2326,0.6237,-1,11.5,31.045,57.965,1.2179,117.518,0.45937,1
2021-07-20T21:46:22Z,DESCENDING,1,-20.7841,-29.2273,0.1694,0.7112,0,24.475,61.965,99.595,68.9406,207.493,0.47487,1
2021-07-26T21:47:05Z,DESCENDING,1,-16.9875,-27.6258,0.2391,0.6153,-1,1.44,140.56,483.175,3.7416,153.8494,0.47961,1
2021-07-28T10:06:27Z,ASCENDING,0,-18.9967,-26.6902,0.1696,0.7121,-1,91.19,114.205,477.44,174.386,280.0564,0.4775,1
2021-08-07T21:47:06Z,DESCENDING,1,-17.8335,-27.8914,0.2202,0.6398,-1,0.0,1.28,51.337,25.4617,260.749,0.49005,1
2021-08-09T10:06:28Z,ASCENDING,0,-18.3168,-27.0,0.1933,0.678,1,3.095,3.095,10.57,31.5378,238.0119,0.49152,0
2021-08-19T21:47:06Z,DESCENDING,1,-27.2291,-27.7888,0.0111,0.9794,1,8.45,32.225,55.765,47.6273,399.9981,0.45591,1
2021-08-21T10:06:28Z,ASCENDING,0,-15.5217,-27.1237,0.2726,0.5727,-1,15.29,25.145,58.695,60.9085,385.3741,0.46744,1
2021-08-31T21:47:07Z,DESCENDING,1,-22.8611,-27.7153,0.0978,0.8231,1,2.24,28.845,57.485,85.4038,1038.3196,0.48396,1
2021-09-02T10:06:29Z,ASCENDING,0,-18.2649,-27.286,0.2006,0.6689,-1,24.42,40.773,83.453,78.3714,932.1684,0.48504,1
2021-09-08T10:07:11Z,ASCENDING,0,-15.8573,-26.1333,0.2456,0.6069,0,51.98,121.925,173.1,1181.5395,1788.6643,0.47836,1
2021-09-12T21:47:07Z,DESCENDING,1,-22.408,-27.485,0.1042,0.813,-1,25.87,105.78,230.665,116.0138,2337.2397,0.48109,1
2021-09-14T10:06:29Z,ASCENDING,0,-18.581,-27.469,0.1941,0.6762,1,0.61,27.455,162.305,101.9361,2213.0422,0.48128,1
2021-09-24T21:47:08Z,DESCENDING,1,-21.5198,-27.6982,0.128,0.7749,0,0.11,10.775,37.545,69.7407,612.8426,0.46775,0
2021-09-26T10:06:30Z,ASCENDING,0,-22.2074,-27.4048,0.1105,0.808,1,3.865,9.135,30.815,61.0853,555.3248,0.47703,0
2021-10-06T21:47:08Z,DESCENDING,1,-22.762,-27.7109,0.1006,0.8194,-1,4.795,64.59,107.912,54.7321,466.8058,0.47869,1
2021-10-08T10:06:30Z,ASCENDING,0,-22.5323,-27.4995,0.1019,0.818,1,1.54,8.94,106.955,41.6916,455.0159,0.47499,1
2021-10-18T21:47:08Z,DESCENDING,1,-25.6398,-27.9741,0.0463,0.9141,1,0.39,5.36,70.235,69.0265,693.3119,0.4459,1
2021-10-20T10:06:30Z,ASCENDING,0,-22.9325,-27.5429,0.0949,0.8306,0,0.58,1.07,38.745,63.7181,590.4295,0.42541,0
2021-10-30T21:47:08Z,DESCENDING,1,-21.4975,-27.7466,0.1289,0.774,1,0.0,0.315,10.71,36.3751,304.1552,0.42954,0
2021-11-01T10:06:30Z,ASCENDING,0,-17.5517,-27.2115,0.2169,0.6449,0,0.752,0.867,1.202,32.5138,271.0961,0.40052,0
2021-11-11T21:47:08Z,DESCENDING,1,-24.6378,-27.5569,0.0587,0.8925,-1,0.135,0.28,34.725,19.526,159.7655,0.31789,0
2021-11-13T10:06:30Z,ASCENDING,0,-18.5817,-26.759,0.1816,0.6939,-1,0.0,0.18,33.24,18.1973,145.4148,0.31416,0
2021-11-23T21:47:07Z,DESCENDING,1,-24.3603,-27.4969,0.0632,0.8843,1,0.0,7.155,21.755,12.387,159.5236,0.39639,0
2021-11-25T10:06:29Z,ASCENDING,0,-16.9178,-27.0627,0.231,0.6258,1,9.355,9.625,31.36,11.7689,153.4617,0.43137,0
2021-12-05T21:47:10Z,DESCENDING,1,-20.6063,-27.5367,0.1467,0.7463,0,0.385,0.555,1.372,8.9097,86.4709,0.4274,0
2021-12-07T10:06:29Z,ASCENDING,0,-17.1828,-27.3649,0.2302,0.6268,-1,0.465,0.85,1.082,8.4829,64.1603,0.39767,0
2021-12-17T21:47:06Z,DESCENDING,1,-23.3869,-27.7011,0.0887,0.8423,-1,14.835,16.165,26.105,7.0454,50.4587,0.296,0
2021-12-19T10:06:28Z,ASCENDING,0,-20.7635,-27.8254,0.1458,0.7466,0,17.36,65.17,66.545,15.6656,59.4634,0.32029,0
2021-12-29T21:47:06Z,DESCENDING,1,-20.7779,-27.8715,0.1471,0.7448,1,0.0,4.17,14.775,5.2675,41.2978,0.4302,0
2022-01-10T21:47:05Z,DESCENDING,1,-21.5989,-27.7277,0.1255,0.7784,-1,0.0,0.0,0.825,4.1942,31.0136,0.29904,0
2022-01-22T21:47:05Z,DESCENDING,1,-24.9767,-27.7177,0.0547,0.8996,1,0.0,1.42,2.075,3.3327,25.1801,0.27809,0
2022-02-03T21:47:04Z,DESCENDING,1,-22.4646,-27.7111,0.1068,0.8094,1,3.645,5.075,5.785,2.6237,19.4266,0.28875,0
2022-02-15T21:47:04Z,DESCENDING,1,-25.2079,-27.9182,0.056,0.9,-1,0.0,2.075,13.4,2.0714,15.4871,0.25677,0
2022-02-27T21:47:04Z,DESCENDING,1,-22.3095,-27.5889,0.1101,0.8056,1,0.0,0.515,27.725,1.5439,11.5708,0.25235,0
2022-03-11T21:47:04Z,DESCENDING,1,-23.6297,-27.7096,0.0838,0.8498,-1,0.0,0.085,0.785,1.1716,8.6848,0.23572,0
2022-03-23T21:47:04Z,DESCENDING,1,-24.2728,-27.7424,0.0701,0.8727,1,48.255,49.85,50.205,0.9235,7.0308,0.26997,0
2022-04-04T21:47:04Z,DESCENDING,1,-21.7275,-27.597,0.1207,0.7863,1,18.18,18.235,24.009,0.6986,5.0931,0.23993,0
2022-04-16T21:47:05Z,DESCENDING,1,-21.9286,-27.9631,0.1229,0.7829,-1,0.0,0.0,27.745,0.6895,4.9088,0.2869,0
2022-04-28T21:47:05Z,DESCENDING,1,-23.2361,-27.3108,0.0842,0.8483,0,0.0,3.905,5.22,0.4574,3.3729,0.25277,0
2022-05-10T21:47:06Z,DESCENDING,1,-23.4945,-27.7244,0.0872,0.8449,1,0.0,0.11,0.11,0.3396,2.5514,0.23774,0
2022-05-22T21:47:07Z,DESCENDING,1,-22.3184,-27.7744,0.1117,0.8019,0,17.445,50.68,151.38,56.7198,357.0433,0.47397,1
2022-06-03T21:47:08Z,DESCENDING,1,-22.9217,-27.6926,0.0971,0.8235,-1,0.0,14.832,53.572,0.4563,55.5491,0.46124,1
2022-06-15T21:47:08Z,DESCENDING,1,-22.8846,-27.9507,0.1009,0.8186,1,8.02,22.4,37.085,2.1662,54.8374,0.45599,0
2022-06-27T21:47:09Z,DESCENDING,1,-22.9785,-27.914,0.0982,0.8232,0,1.425,7.86,52.79,248.7047,532.9373,0.47299,1
2022-07-21T21:47:11Z,DESCENDING,1,-24.7527,-27.8544,0.062,0.8877,0,9.5,27.4,104.05,22.0626,249.4471,0.47152,1
2022-08-02T21:47:12Z,DESCENDING,1,-23.6684,-27.8344,0.0838,0.8485,0,1.335,32.404,70.169,68.9418,572.4618,0.47269,1
2022-08-14T21:47:12Z,DESCENDING,1,-19.5194,-27.9773,0.1797,0.6962,-1,10.85,53.825,92.605,85.0763,702.6315,0.45988,1
2022-08-26T21:47:13Z,DESCENDING,1,-22.6535,-27.9022,0.106,0.8113,-1,3.935,11.84,78.895,321.9772,1617.3782,0.4691,1
2022-09-07T21:47:14Z,DESCENDING,1,-25.0247,-28.1214,0.0615,0.8877,1,0.13,45.345,130.43,51.324,510.541,0.46529,1
2022-09-19T21:47:13Z,DESCENDING,1,-22.3282,-27.6875,0.1088,0.8061,1,41.175,49.85,66.72,80.5505,349.1819,0.46558,1
2022-10-01T21:47:14Z,DESCENDING,1,-21.7367,-27.8246,0.1243,0.7808,-1,5.948,13.433,186.053,96.3567,1559.5877,0.46961,1
2022-10-13T21:47:14Z,DESCENDING,1,-23.4861,-27.9739,0.0908,0.8377,-1,8.285,23.105,25.93,98.8126,394.2826,0.44943,0
2022-10-25T21:47:14Z,DESCENDING,1,-20.5471,-27.7296,0.1519,0.7383,1,49.825,50.93,100.6,29.2056,521.4227,0.46897,1
2022-11-06T21:47:14Z,DESCENDING,1,-23.1529,-27.9955,0.0973,0.8261,-1,0.16,4.985,13.874,59.1449,886.2054,0.46124,0
2022-11-18T21:47:14Z,DESCENDING,1,-21.4178,-28.0682,0.1363,0.7611,1,4.435,34.475,47.675,25.0696,210.8962,0.37956,0
2022-11-30T21:47:13Z,DESCENDING,1,-20.617,-27.8547,0.1505,0.7396,-1,1.91,2.065,2.63,15.5462,121.5303,0.39302,0
2022-12-12T21:47:12Z,DESCENDING,1,-23.6534,-28.0344,0.0881,0.8418,-1,0.0,27.975,51.21,10.5801,82.3729,0.34003,0
2022-12-24T21:47:12Z,DESCENDING,1,-20.8664,-27.6817,0.1434,0.7523,1,0.0,0.265,6.97,7.6951,63.0097,0.41529,0
2023-01-05T21:47:11Z,DESCENDING,1,-20.8167,-27.8029,0.1465,0.741,-1,32.95,122.41,151.325,6.933,47.3193,0.41328,0
2023-01-17T21:47:10Z,DESCENDING,1,-20.7082,-27.6963,0.1469,0.746,0,4.055,25.735,44.235,5.1508,37.4161,0.38795,0
2023-01-29T21:47:11Z,DESCENDING,1,-20.7601,-27.9645,0.1504,0.7382,0,0.0,0.8,1.065,3.857,113.3915,0.38937,0
2023-02-10T21:47:10Z,DESCENDING,1,-22.3869,-27.7225,0.1095,0.8053,0,0.355,1.355,2.8,3.0946,23.025,0.2984,0
2023-02-22T21:47:09Z,DESCENDING,1,-24.2111,-27.7649,0.0731,0.8701,1,0.0,2.39,39.52,2.49,81.4121,0.35997,0
2023-03-06T21:47:10Z,DESCENDING,1,-21.3841,-27.9623,0.1364,0.7631,1,0.0,0.0,6.197,1.994,14.8424,0.28688,0
2023-03-18T21:47:10Z,DESCENDING,1,-22.2295,-27.9329,0.1175,0.794,-1,0.0,0.0,0.0,1.544,11.6028,0.24305,0
2023-03-30T21:47:10Z,DESCENDING,1,-22.4479,-27.3372,0.1019,0.8197,1,0.0,0.0,0.0,1.1522,8.6241,0.23572,0
2023-04-11T21:47:11Z,DESCENDING,1,-22.4861,-27.7323,0.1074,0.8094,0,3.355,9.175,9.175,1.0035,6.7079,0.26353,0
2023-04-23T21:47:11Z,DESCENDING,1,-21.4027,-27.293,0.123,0.7829,0,0.435,2.155,2.155,1.3865,7.0595,0.38183,0
2023-05-05T21:47:11Z,DESCENDING,1,-21.0837,-27.5491,0.1363,0.7637,-1,0.335,0.71,1.879,0.6813,6.5457,0.36262,0
2023-05-17T21:47:12Z,DESCENDING,1,-22.2951,-27.5359,0.1081,0.8084,0,12.38,23.955,27.14,8.8164,149.602,0.4551,0
2023-05-29T21:47:16Z,DESCENDING,1,-15.0902,-27.2527,0.2885,0.5529,1,0.31,0.625,40.14,0.7721,65.6664,0.46788,0
2023-06-10T21:47:13Z,DESCENDING,1,-21.1781,-27.6925,0.1358,0.7635,-1,47.2,48.995,101.445,14.9628,103.0508,0.47844,1
2023-06-22T21:47:14Z,DESCENDING,1,-24.7395,-27.7723,0.0611,0.8896,1,28.425,31.51,49.285,2.092,18.6565,0.4615,0
2023-07-04T21:47:15Z,DESCENDING,1,-24.4221,-27.9281,0.0708,0.8727,1,0.18,3.96,57.919,1.6969,122.1679,0.47327,1
2023-07-16T21:47:16Z,DESCENDING,1,-18.8892,-27.5498,0.1878,0.6853,0,41.55,147.2,316.795,61.0845,960.1885,0.48035,1
2023-07-28T21:47:16Z,DESCENDING,1,-19.4932,-27.7869,0.1771,0.7007,-1,29.45,89.88,187.43,603.2748,1591.0371,0.48049,1
2023-08-09T21:47:16Z,DESCENDING,1,-22.9149,-34.2244,0.198,0.6738,1,0.0,6.36,7.085,64.959,620.4446,0.46622,0
2023-08-21T21:47:17Z,DESCENDING,1,-21.6861,-32.7378,0.2042,0.6648,1,15.51,15.51,16.38,30.3121,249.2743,0.4661,0
2023-09-02T21:47:18Z,DESCENDING,1,-17.282,-32.4294,0.304,0.5362,-1,40.945,137.955,225.45,115.7686,570.8586,0.48385,1
2023-09-14T21:47:19Z,DESCENDING,1,-22.3464,-33.4839,0.2012,0.67,-1,2.92,14.825,29.865,59.244,548.8843,0.45613,0
2023-09-26T21:47:19Z,DESCENDING,1,-22.8339,-34.2823,0.201,0.667,1,45.6,52.26,87.33,66.589,745.8628,0.46551,1
2023-10-08T21:47:19Z,DESCENDING,1,-23.6605,-33.9605,0.1793,0.6999,0,0.36,1.365,79.785,89.6393,565.8139,0.45662,1
2023-10-20T21:47:19Z,DESCENDING,1,-21.2253,-34.1809,0.2332,0.6249,1,42.145,82.595,93.015,88.4245,460.3969,0.4679,1
2023-11-01T21:47:18Z,DESCENDING,1,-27.0115,-35.4811,0.139,0.7643,-1,10.91,16.415,16.82,36.7288,251.368,0.46158,0
2023-11-13T21:47:19Z,DESCENDING,1,-22.5873,-36.1162,0.2301,0.6315,1,0.785,2.04,12.375,21.8936,168.4846,0.42007,0
2023-11-25T21:47:18Z,DESCENDING,1,-23.0705,-36.1978,0.221,0.6429,-1,1.355,28.67,29.305,15.4183,115.7851,0.3503,0
2023-12-07T21:47:18Z,DESCENDING,1,-26.6885,-37.684,0.172,0.714,0,0.0,1.33,9.795,10.4648,82.2813,0.33369,0
2023-12-19T21:47:17Z,DESCENDING,1,-22.9484,-33.3143,0.1844,0.6927,1,2.125,7.13,10.84,7.5264,58.3812,0.37665,0
2024-01-12T21:47:16Z,DESCENDING,1,-21.6704,-35.6049,0.241,0.6152,0,0.0,0.0,0.22,4.3979,33.0447,0.28402,0
2024-01-24T21:47:15Z,DESCENDING,1,-20.5582,-33.459,0.2373,0.6193,0,0.0,0.0,0.0,3.3719,25.4542,0.25132,0
2024-02-05T21:47:15Z,DESCENDING,1,-22.326,-33.005,0.193,0.6804,-1,0.0,0.23,0.58,2.5998,19.3272,0.24233,0
2024-02-17T21:47:15Z,DESCENDING,1,-25.9776,-35.0916,0.1522,0.7435,1,0.32,0.32,0.915,1.914,14.4248,0.23639,0
2024-02-29T21:47:15Z,DESCENDING,1,-23.7213,-34.6071,0.1875,0.6891,1,0.0,0.0,1.345,1.4265,10.7519,0.23641,0
2024-03-12T21:47:15Z,DESCENDING,1,-26.2312,-32.5973,0.1122,0.8061,-1,0.0,2.13,2.13,1.0826,8.0916,0.23717,0
2024-03-24T21:47:15Z,DESCENDING,1,-24.8211,-32.4161,0.1362,0.7669,1,0.0,0.0,2.025,0.8313,6.5594,0.26451,0
2024-04-17T21:47:16Z,DESCENDING,1,-24.9214,-33.3882,0.1486,0.7485,0,0.0,0.0,0.0,0.4597,3.5064,0.23451,0
2024-04-29T21:47:16Z,DESCENDING,1,-20.3438,-35.8636,0.2742,0.5728,0,0.73,1.2,3.645,0.3422,2.8988,0.25297,0
2024-05-11T21:47:16Z,DESCENDING,1,-23.8317,-36.2007,0.2061,0.6632,-1,0.03,0.625,1.605,0.2784,2.0079,0.23654,0
2024-05-23T21:47:16Z,DESCENDING,1,-23.0063,-32.5375,0.1719,0.7107,1,0.0,0.155,16.295,0.2104,2.5192,0.30059,0
2024-06-04T21:47:16Z,DESCENDING,1,-23.6348,-34.5105,0.1862,0.6901,-1,1.135,1.76,14.715,0.4308,114.9447,0.43502,0
2024-06-16T21:47:15Z,DESCENDING,1,-23.2713,-35.5552,0.2078,0.6604,1,6.275,16.74,30.19,1.1819,5.9684,0.45864,0
2024-06-28T21:47:14Z,DESCENDING,1,-23.69,-33.0529,0.165,0.721,0,1.67,25.96,70.475,0.6499,83.4867,0.44741,1
2024-07-10T21:47:14Z,DESCENDING,1,-23.3721,-34.9834,0.198,0.6734,0,19.21,64.44,108.745,62.3942,568.1771,0.47513,1
2024-07-22T21:47:14Z,DESCENDING,1,-16.2366,-30.6513,0.306,0.533,0,58.205,71.97,117.28,241.8667,382.1487,0.48644,1
2024-07-30T10:07:12Z,ASCENDING,0,-18.2903,-32.3372,0.2764,0.5701,0,6.505,31.87,160.545,101.6331,1437.3377,0.48962,1
2024-08-03T21:47:07Z,DESCENDING,1,-23.8939,-34.1936,0.1777,0.703,-1,9.985,22.205,55.11,71.7283,807.9712,0.48747,1
2024-08-15T21:47:14Z,DESCENDING,1,-24.3072,-33.4833,0.1591,0.7299,1,1.335,39.42,46.495,42.2229,338.0259,0.45776,0
2024-08-27T21:47:14Z,DESCENDING,1,-19.842,-32.2907,0.2376,0.6184,0,92.7,115.235,152.125,45.389,350.7735,0.47014,1
2024-09-08T21:47:14Z,DESCENDING,1,-21.8584,-34.6147,0.2244,0.6365,-1,1.135,13.235,282.75,89.0951,3021.0648,0.47781,1
2024-09-20T21:47:15Z,DESCENDING,1,-22.3815,-34.269,0.2091,0.6573,1,31.54,65.575,135.985,139.5462,711.7068,0.48528,1
2024-10-02T21:47:15Z,DESCENDING,1,-24.7778,-36.172,0.1876,0.6915,1,1.345,4.425,24.61,48.0084,464.407,0.46351,0
2024-10-14T21:47:15Z,DESCENDING,1,-25.976,-36.4817,0.1687,0.718,1,3.855,9.105,28.205,30.0042,307.2267,0.46446,0
2024-10-26T21:47:07Z,DESCENDING,1,-20.5984,-33.0915,0.2312,0.627,1,1.515,109.33,240.05,121.8748,2013.355,0.48125,1
2024-11-07T21:47:15Z,DESCENDING,1,-23.4856,-34.6453,0.1918,0.6828,-1,0.04,26.21,29.155,30.1129,265.559,0.4533,0
2024-11-19T21:47:14Z,DESCENDING,1,-24.351,-33.7853,0.1629,0.7243,1,0.0,36.94,38.505,16.9534,143.3041,0.44246,0
2024-11-27T10:07:21Z,ASCENDING,0,-15.3892,-28.982,0.3057,0.5335,0,0.0,0.075,0.075,12.7067,99.1435,0.36283,0
2024-12-01T21:47:14Z,DESCENDING,1,-21.6716,-35.3396,0.2369,0.6205,1,25.745,33.57,33.86,58.2762,134.9892,0.35568,0
2024-12-13T21:47:13Z,DESCENDING,1,-21.8747,-35.2395,0.2315,0.6274,-1,0.035,3.965,67.555,9.8825,400.7133,0.45578,1
2024-12-25T21:47:11Z,DESCENDING,1,-23.9868,-31.8814,0.1425,0.7555,0,21.3,52.53,54.63,38.0377,358.8086,0.45411,1
2025-01-06T21:47:10Z,DESCENDING,1,-21.0968,-30.8916,0.1878,0.6861,1,0.0,0.08,33.195,14.654,378.3852,0.46121,0
2025-01-18T21:47:09Z,DESCENDING,1,-23.2789,-32.0989,0.1597,0.7287,-1,0.0,0.0,16.49,13.9664,102.9673,0.41047,0
2025-01-30T21:47:08Z,DESCENDING,1,-21.8691,-35.5016,0.2353,0.6225,1,0.15,0.665,0.665,12.2317,84.8363,0.31593,0
2025-02-23T21:47:08Z,DESCENDING,1,-21.9557,-33.5404,0.208,0.659,0,0.07,2.53,21.88,7.067,54.1639,0.43318,0
2025-03-07T21:47:08Z,DESCENDING,1,-22.0307,-32.7715,0.1957,0.6757,0,0.705,0.705,4.285,5.5155,41.7668,0.31711,0
2025-03-19T21:47:08Z,DESCENDING,1,-22.2045,-33.3512,0.1997,0.6703,0,0.03,0.03,3.36,4.116,31.142,0.25477,0
2025-03-31T21:47:09Z,DESCENDING,1,-26.0397,-34.6227,0.1441,0.7556,0,0.0,19.665,34.4,3.068,23.8035,0.26818,0
2025-04-02T10:05:57Z,ASCENDING,0,-24.4453,-31.1917,0.1239,0.7846,0,1.16,1.16,34.395,2.9383,22.762,0.28151,0
2025-04-12T21:47:08Z,DESCENDING,1,-22.7859,-33.4456,0.1892,0.6853,1,0.0,0.0,0.0,2.1857,16.8689,0.25478,0
2025-04-14T10:05:57Z,ASCENDING,0,-19.3079,-31.6942,0.2431,0.6116,0,0.0,7.285,7.285,2.1169,16.198,0.25399,0
2025-04-24T21:47:08Z,DESCENDING,1,-23.5995,-33.3041,0.171,0.7124,-1,0.0,0.0,0.915,1.5404,11.8377,0.24336,0
2025-04-26T10:05:58Z,ASCENDING,0,-17.558,-32.3029,0.2948,0.5461,-1,0.565,0.565,0.565,1.4224,11.1057,0.24094,0
2025-05-06T21:47:08Z,DESCENDING,1,-22.8142,-37.0904,0.2363,0.6214,1,40.515,80.5,95.59,2.1213,10.3553,0.29475,0
2025-05-08T10:05:59Z,ASCENDING,0,-24.8498,-31.6767,0.1229,0.7855,-1,6.445,58.38,111.785,14.8686,26.0621,0.34746,0
2025-05-18T21:47:08Z,DESCENDING,1,-22.3823,-34.0059,0.205,0.6628,-1,2.335,2.68,40.215,0.9554,8.5063,0.37304,0
2025-05-30T21:47:08Z,DESCENDING,1,-22.858,-32.3544,0.1723,0.7095,0,20.035,28.885,32.515,2.5898,8.4271,0.31323,0
2025-06-01T10:06:01Z,ASCENDING,0,-17.7111,-31.7233,0.2824,0.5612,0,1.095,28.15,40.43,1.2946,10.6939,0.37553,0
2025-06-11T21:47:07Z,DESCENDING,1,-19.9953,-32.7516,0.24,0.6151,0,20.37,52.095,126.855,28.5722,302.0204,0.47938,1
2025-06-13T10:06:02Z,ASCENDING,0,-24.8399,-31.0549,0.1151,0.7995,0,1.485,30.84,120.435,0.924,202.3001,0.48119,1
2025-06-23T21:47:06Z,DESCENDING,1,-23.8304,-33.2228,0.1656,0.7203,-1,14.9,67.985,113.45,63.679,210.6121,0.47857,1
2025-06-25T10:06:03Z,ASCENDING,0,-18.7338,-29.6122,0.2262,0.6342,1,2.75,21.615,78.58,29.5589,234.9425,0.47143,1
2025-07-05T21:47:06Z,DESCENDING,1,-19.5142,-31.4961,0.2335,0.6234,1,19.28,66.325,155.515,49.558,590.2538,0.47297,1
2025-07-07T10:06:03Z,ASCENDING,0,-18.4829,-30.4356,0.2442,0.6092,-1,3.895,47.185,144.86,14.0646,377.6605,0.47522,1
2025-07-11T21:45:57Z,DESCENDING,1,-23.3396,-32.7404,0.1682,0.7148,0,5.355,32.88,112.62,16.5337,148.4442,0.48289,1
2025-07-17T21:47:05Z,DESCENDING,1,-20.6566,-36.7223,0.2768,0.5697,0,65.48,82.37,94.205,62.4252,233.0215,0.48122,1
2025-07-19T10:06:04Z,ASCENDING,0,-16.5332,-29.2097,0.2769,0.568,0,117.53,256.77,275.025,246.5131,600.7809,0.48346,1
2025-07-23T21:45:58Z,DESCENDING,1,-19.9793,-30.9379,0.2148,0.6477,0,71.91,288.415,583.035,216.7803,1875.691,0.48036,1
2025-07-29T21:47:05Z,DESCENDING,1,-17.3875,-31.7926,0.2907,0.5521,0,1.905,61.945,257.69,92.5354,1713.4187,0.4803,1
2025-07-31T10:06:05Z,ASCENDING,0,-15.4381,-29.2732,0.3086,0.5297,-1,0.535,5.35,126.0,73.8216,908.9026,0.4859,1
2025-08-04T21:45:58Z,DESCENDING,1,-24.8091,-32.8267,0.1411,0.7574,0,0.0,0.02,5.37,52.7844,485.3338,0.46562,0
2025-08-12T10:06:05Z,ASCENDING,0,-18.6957,-31.1824,0.2498,0.6021,-1,12.27,21.845,53.63,32.9542,277.7596,0.45535,1
2025-08-16T21:45:59Z,DESCENDING,1,-28.9135,-33.4564,0.077,0.8634,1,10.11,44.865,75.25,34.8986,324.1293,0.45786,1
2025-08-22T21:47:05Z,DESCENDING,1,-20.5429,-31.3109,0.2065,0.66,1,13.735,32.06,60.34,192.6855,433.4542,0.47852,1
2025-08-24T10:06:06Z,ASCENDING,0,-24.2844,-31.6808,0.1362,0.7663,1,4.68,24.37,46.365,54.6116,479.0288,0.48287,0
2025-08-28T21:45:59Z,DESCENDING,1,-25.8943,-35.3035,0.1546,0.7375,1,25.465,42.755,77.72,325.0542,1212.8198,0.4874,1
2025-09-03T21:47:05Z,DESCENDING,1,-21.292,-31.8928,0.1982,0.6718,1,2.26,45.4,121.68,112.1523,1315.6334,0.47716,1
2025-09-05T10:06:06Z,ASCENDING,0,-18.1841,-29.8309,0.2422,0.6114,1,22.525,37.695,128.27,1226.2092,2084.4295,0.48063,1
2025-09-09T21:46:00Z,DESCENDING,1,-23.542,-34.1968,0.1853,0.6903,1,3.08,29.415,85.95,87.1061,2045.8925,0.48568,1
2025-09-15T21:47:05Z,DESCENDING,1,-27.3469,-32.4973,0.0891,0.8436,1,16.785,47.975,74.5,110.2468,691.6494,0.47319,1
2025-09-17T10:05:58Z,ASCENDING,0,-17.907,-29.4858,0.2441,0.609,-1,12.12,45.42,84.735,198.8003,809.4139,0.473,1
2025-09-21T21:46:00Z,DESCENDING,1,-17.5825,-31.0817,0.2762,0.5687,1,4.425,34.62,101.425,130.3688,839.5929,0.47408,1
2025-09-27T21:47:05Z,DESCENDING,1,-25.0092,-31.9479,0.1262,0.7837,-1,2.045,50.925,128.47,101.4028,1749.6768,0.48129,1
2025-09-29T10:05:58Z,ASCENDING,0,-27.0691,-29.931,0.0549,0.9032,0,25.815,31.39,118.035,131.0805,1707.6471,0.48235,1
2025-10-03T21:46:00Z,DESCENDING,1,-21.5482,-38.5926,0.2805,0.5643,-1,50.54,70.58,118.265,360.4244,938.6022,0.47067,1
2025-10-09T21:47:06Z,DESCENDING,1,-25.0175,-34.8298,0.1647,0.7243,-1,14.98,29.75,98.935,96.7181,819.7951,0.47731,1
2025-10-11T10:05:59Z,ASCENDING,0,-22.6914,-29.2551,0.1289,0.7752,1,0.815,27.51,46.695,107.2319,634.2284,0.4787,0
2025-10-15T21:46:00Z,DESCENDING,1,-27.3994,-35.6111,0.1321,0.7744,-1,10.03,61.17,99.39,87.8005,796.0708,0.4738,1
2025-10-21T21:47:06Z,DESCENDING,1,-23.4895,-34.1769,0.184,0.6941,1,0.56,36.97,68.785,58.3409,712.9426,0.45872,1
2025-10-23T10:05:59Z,ASCENDING,0,-20.8689,-30.6789,0.1913,0.682,-1,5.125,7.26,62.89,88.5485,689.3374,0.47144,1
2025-10-27T21:46:00Z,DESCENDING,1,-24.2102,-38.1919,0.2229,0.6391,1,11.64,20.97,34.715,51.0582,520.0724,0.48509,0
2025-11-02T21:47:05Z,DESCENDING,1,-21.4644,-35.493,0.2433,0.6119,-1,1.305,7.06,73.84,39.4388,339.4016,0.47358,1
2025-11-04T10:05:58Z,ASCENDING,0,-20.3863,-30.3738,0.1969,0.6735,-1,56.46,117.835,160.01,40.1132,318.7176,0.47016,1
2025-11-08T21:46:00Z,DESCENDING,1,-20.4114,-36.1145,0.2744,0.5723,-1,6.605,10.495,128.91,35.824,282.6479,0.47055,1
2025-11-14T21:47:04Z,DESCENDING,1,-22.6841,-34.9683,0.2109,0.6559,-1,37.65,37.885,161.5,95.2397,814.1409,0.43583,1
2025-11-16T10:05:58Z,ASCENDING,0,-18.6754,-30.2391,0.2362,0.6195,0,3.575,64.495,68.04,74.2721,736.7785,0.41112,0
2025-11-20T21:45:59Z,DESCENDING,1,-22.5475,-35.1285,0.2168,0.6472,-1,0.15,1.34,69.755,48.9591,481.8937,0.37522,0
2025-11-26T21:47:04Z,DESCENDING,1,-24.1894,-34.4984,0.1747,0.708,1,2.475,64.47,68.955,32.0056,285.971,0.37664,0
2025-11-28T10:05:57Z,ASCENDING,0,-19.2947,-30.6717,0.2274,0.6312,-1,1.465,5.725,72.055,29.6588,253.4492,0.41872,0
2025-12-02T21:45:59Z,DESCENDING,1,-22.936,-34.9381,0.2061,0.6616,1,0.0,2.515,20.605,25.3458,318.3136,0.48065,0
2025-12-08T21:47:03Z,DESCENDING,1,-22.4325,-32.7979,0.1862,0.6898,0,2.51,17.145,20.775,21.4237,164.6404,0.45386,0
2025-12-10T10:05:57Z,ASCENDING,0,-18.6273,-30.6531,0.2434,0.6102,1,0.305,7.59,25.625,19.2923,154.9092,0.4452,0
2025-12-14T21:45:58Z,DESCENDING,1,-21.9843,-32.1052,0.1867,0.6876,0,0.0,0.13,28.53,17.3546,133.2906,0.43558,0
2025-12-20T21:47:01Z,DESCENDING,1,-24.2984,-38.2869,0.2209,0.6433,-1,2.09,2.19,8.16,17.7233,760.8139,0.45606,0
2025-12-22T10:05:56Z,ASCENDING,0,-19.4901,-30.6421,0.222,0.6385,-1,0.575,2.68,6.195,16.8872,600.0984,0.47069,0
2025-12-26T21:45:57Z,DESCENDING,1,-23.549,-31.36,0.143,0.7527,-1,0.0,0.0,2.68,16.2386,118.9169,0.4649,0
2026-01-01T21:47:00Z,DESCENDING,1,-21.1975,-35.4341,0.2477,0.6065,1,16.27,16.285,16.515,16.551,112.0296,0.41631,0
2026-01-03T10:05:55Z,ASCENDING,0,-15.4202,-29.5415,0.3149,0.524,1,0.0,16.51,16.755,15.2742,114.2138,0.42725,0
2026-01-07T21:45:57Z,DESCENDING,1,-21.5249,-37.6487,0.269,0.5788,1,0.0,2.025,18.535,14.3213,111.1791,0.45247,0
2026-01-13T21:46:59Z,DESCENDING,1,-22.1657,-37.5304,0.2535,0.5998,-1,8.59,10.57,20.705,13.5269,105.6256,0.45943,0
2026-01-15T10:05:55Z,ASCENDING,0,-18.4021,-30.9794,0.2538,0.5968,-1,4.95,13.79,25.88,13.1791,103.4274,0.46458,0
2026-01-19T21:45:56Z,DESCENDING,1,-23.8969,-33.4167,0.1663,0.7185,-1,0.0,1.675,19.5,12.025,88.9378,0.4476,0
2026-01-25T21:46:58Z,DESCENDING,1,-21.1797,-32.3533,0.2076,0.659,1,0.0,0.0,0.0,10.838,80.309,0.3868,0
2026-01-27T10:05:55Z,ASCENDING,0,-20.4082,-32.2626,0.226,0.6348,1,0.285,0.61,0.61,10.439,77.2829,0.36644,0
2026-01-31T21:45:56Z,DESCENDING,1,-24.9483,-39.8983,0.229,0.6324,1,0.0,0.0,0.61,9.6156,71.6685,0.3302,0
2026-02-08T10:05:54Z,ASCENDING,0,-16.4676,-29.6599,0.285,0.558,1,30.49,47.05,58.46,8.3642,60.8491,0.29993,0
2026-02-12T21:45:56Z,DESCENDING,1,-24.1841,-33.9836,0.1694,0.7143,1,0.33,0.33,47.38,7.3536,55.841,0.32905,0
2026-02-18T21:46:57Z,DESCENDING,1,-21.8296,-35.7722,0.2392,0.6171,1,0.0,0.45,12.795,6.3968,48.3854,0.29354,0
2026-02-20T10:05:54Z,ASCENDING,0,-17.7046,-30.6154,0.2662,0.5812,-1,0.0,0.035,11.64,6.0969,46.1716,0.28279,0
