test_no,sensor_timestamp,prediction_created_at,row_created_at,sensor_minus_row_created_at_sec
1,2026-04-09T16:45:07+08:00,2026-04-09T17:53:11+08:00,2026-04-10T01:53:10+08:00,32883.0
2,2026-04-09T16:48:07+08:00,2026-04-09T17:53:18+08:00,2026-04-10T01:53:17+08:00,32710.0
3,2026-04-09T16:52:07+08:00,2026-04-09T17:53:23+08:00,2026-04-10T01:53:22+08:00,32475.0
4,2026-04-09T16:56:07+08:00,2026-04-09T17:53:27+08:00,2026-04-10T01:53:27+08:00,32240.0
5,2026-04-09T17:00:07+08:00,2026-04-09T17:53:32+08:00,2026-04-10T01:53:31+08:00,32004.0
6,2026-04-09T17:04:07+08:00,2026-04-09T17:53:36+08:00,2026-04-10T01:53:35+08:00,31768.0
7,2026-04-09T17:08:07+08:00,2026-04-09T17:53:40+08:00,2026-04-10T01:53:40+08:00,31533.0
8,2026-04-09T17:12:07+08:00,2026-04-09T17:53:45+08:00,2026-04-10T01:53:44+08:00,31297.0
9,2026-04-09T17:15:07+08:00,2026-04-09T17:53:50+08:00,2026-04-10T01:53:50+08:00,31123.0
10,2026-04-09T17:19:07+08:00,2026-04-09T17:53:57+08:00,2026-04-10T01:53:57+08:00,30890.0
11,2026-04-09T17:22:07+08:00,2026-04-09T17:54:03+08:00,2026-04-10T01:54:02+08:00,30715.0
12,2026-04-09T17:35:07+08:00,2026-04-09T17:54:07+08:00,2026-04-10T01:54:07+08:00,29940.0
13,2026-04-09T17:36:07+08:00,2026-04-09T17:54:11+08:00,2026-04-10T01:54:11+08:00,29884.0
14,2026-04-09T17:40:07+08:00,2026-04-09T17:54:18+08:00,2026-04-10T01:54:18+08:00,29651.0
15,2026-04-09T17:43:07+08:00,2026-04-09T17:54:25+08:00,2026-04-10T01:54:24+08:00,29477.0
16,2026-04-09T17:47:07+08:00,2026-04-09T17:54:29+08:00,2026-04-10T01:54:28+08:00,29241.0
17,2026-04-09T19:40:19+08:00,2026-04-09T17:54:36+08:00,2026-04-10T01:54:35+08:00,22456.0
18,2026-04-09T20:02:19+08:00,2026-04-09T17:54:40+08:00,2026-04-10T01:54:39+08:00,21140.0
19,2026-04-09T20:03:19+08:00,2026-04-09T17:54:47+08:00,2026-04-10T01:54:47+08:00,21088.0
20,2026-04-09T20:04:19+08:00,2026-04-09T17:54:55+08:00,2026-04-10T01:54:54+08:00,21035.0
21,2026-04-09T20:08:19+08:00,2026-04-09T17:54:59+08:00,2026-04-10T01:54:59+08:00,20800.0
22,2026-04-09T21:41:32+08:00,2026-04-09T17:55:07+08:00,2026-04-10T01:55:07+08:00,15215.0
23,2026-04-09T21:46:32+08:00,2026-04-09T17:55:16+08:00,2026-04-10T01:55:16+08:00,14924.0
24,2026-04-09T21:51:32+08:00,2026-04-09T17:55:22+08:00,2026-04-10T01:55:22+08:00,14630.0
25,2026-04-09T21:59:32+08:00,2026-04-09T17:55:28+08:00,2026-04-10T01:55:27+08:00,14155.0
26,2026-04-09T23:32:38+08:00,2026-04-09T17:55:33+08:00,2026-04-10T01:55:32+08:00,8574.0
27,2026-04-09T23:34:38+08:00,2026-04-09T17:55:37+08:00,2026-04-10T01:55:36+08:00,8458.0
28,2026-04-09T23:39:38+08:00,2026-04-09T17:55:41+08:00,2026-04-10T01:55:41+08:00,8163.0
29,2026-04-09T23:40:38+08:00,2026-04-09T17:55:45+08:00,2026-04-10T01:55:45+08:00,8107.0
30,2026-04-10T01:50:38+08:00,2026-04-09T17:59:26+08:00,2026-04-10T01:59:26+08:00,528.0
31,2026-04-10T01:59:38+08:00,2026-04-09T17:59:40+08:00,2026-04-10T01:59:39+08:00,1.0
32,2026-04-10T02:02:38+08:00,2026-04-09T18:02:45+08:00,2026-04-10T02:02:45+08:00,7.0
33,2026-04-10T02:14:38+08:00,2026-04-09T18:14:46+08:00,2026-04-10T02:14:45+08:00,7.0
34,2026-04-10T02:20:38+08:00,2026-04-09T18:20:40+08:00,2026-04-10T02:20:39+08:00,1.0
35,2026-04-10T02:23:38+08:00,2026-04-09T18:23:41+08:00,2026-04-10T02:23:40+08:00,2.0
36,2026-04-10T02:30:38+08:00,2026-04-09T18:30:41+08:00,2026-04-10T02:30:41+08:00,3.0
37,2026-04-10T02:34:38+08:00,2026-04-09T18:34:41+08:00,2026-04-10T02:34:41+08:00,3.0
38,2026-04-10T02:39:38+08:00,2026-04-09T18:39:39+08:00,2026-04-10T02:39:39+08:00,1.0
39,2026-04-10T02:42:38+08:00,2026-04-09T18:42:41+08:00,2026-04-10T02:42:40+08:00,2.0
40,2026-04-10T02:45:38+08:00,2026-04-09T18:45:43+08:00,2026-04-10T02:45:43+08:00,5.0
41,2026-04-10T02:49:38+08:00,2026-04-09T18:49:44+08:00,2026-04-10T02:49:43+08:00,5.0
42,2026-04-10T02:52:38+08:00,2026-04-09T18:52:44+08:00,2026-04-10T02:52:43+08:00,5.0
43,2026-04-10T02:56:38+08:00,2026-04-09T18:56:42+08:00,2026-04-10T02:56:42+08:00,4.0
44,2026-04-10T02:59:38+08:00,2026-04-09T18:59:43+08:00,2026-04-10T02:59:43+08:00,5.0
45,2026-04-10T03:02:38+08:00,2026-04-09T19:02:43+08:00,2026-04-10T03:02:42+08:00,4.0
46,2026-04-10T03:09:38+08:00,2026-04-09T19:09:43+08:00,2026-04-10T03:09:43+08:00,5.0
47,2026-04-10T03:12:38+08:00,2026-04-09T19:12:39+08:00,2026-04-10T03:12:39+08:00,1.0
48,2026-04-10T03:16:38+08:00,2026-04-09T19:16:43+08:00,2026-04-10T03:16:42+08:00,4.0
49,2026-04-10T03:21:38+08:00,2026-04-09T19:21:42+08:00,2026-04-10T03:21:42+08:00,4.0
50,2026-04-10T03:27:38+08:00,2026-04-09T19:27:44+08:00,2026-04-10T03:27:44+08:00,6.0
51,2026-04-10T03:31:38+08:00,2026-04-09T19:31:41+08:00,2026-04-10T03:31:41+08:00,3.0
52,2026-04-10T03:37:38+08:00,2026-04-09T19:37:44+08:00,2026-04-10T03:37:44+08:00,6.0
53,2026-04-10T03:41:38+08:00,2026-04-09T19:41:46+08:00,2026-04-10T03:41:45+08:00,7.0
54,2026-04-10T03:44:38+08:00,2026-04-09T19:44:39+08:00,2026-04-10T03:44:39+08:00,1.0
55,2026-04-10T03:47:38+08:00,2026-04-09T19:47:42+08:00,2026-04-10T03:47:42+08:00,4.0
56,2026-04-10T04:06:38+08:00,2026-04-09T20:06:42+08:00,2026-04-10T04:06:41+08:00,3.0
57,2026-04-10T04:09:38+08:00,2026-04-09T20:09:44+08:00,2026-04-10T04:09:44+08:00,6.0
58,2026-04-10T04:15:38+08:00,2026-04-09T20:15:44+08:00,2026-04-10T04:15:44+08:00,6.0
