timestamp,max_water_level_6h,max_water_level_24h,water_level_slope_3h,water_level_slope_6h,water_level_std_24h,rainfall_sum_1h,rainfall_sum_6h,rainfall_sum_24h,rainfall_max_intensity,humidity_mean_24h,humidity_trend_6h,soil_saturation,soil_saturation_mean_24h,flood_label
2017-06-07 00:00:00+00:00,0.2250123345087922,2.096878556126176,-0.2249257497789222,-0.2249257497789222,0.7467179233959801,6.681593124134263,6.681593124134263,26.453323926646107,6.681593124134263,3.517871659847725,-0.35495136123302173,0.46,0.46,1
2017-06-19 00:00:00+00:00,1.6240772134323196,2.242761669372994,-0.13493873712810434,-0.13493873712810434,1.2244577370947713,3.1740296327812123,3.1740296327812123,22.330376539423916,3.1740296327812123,3.7209898762201132,-0.8752148141910854,0.52,0.52,1
2017-07-01 00:00:00+00:00,2.106326962671592,2.106326962671592,0.43789129643846536,0.43789129643846536,0.6288535730240646,9.363442789577473,9.363442789577473,62.07669699740416,9.363442789577473,3.2445105510887293,1.7544057618402742,0.49,0.49,1
2017-07-13 00:00:00+00:00,1.3343755569748463,1.3343755569748463,1.1196266588559955,1.1196266588559955,0.5729191904163137,27.5747136637437,27.5747136637437,100.67150690203445,27.5747136637437,2.154294867623556,1.6210276472511775,0.47,0.47,1
2017-07-25 00:00:00+00:00,4.212526892560272,4.212526892560272,0.0930657766117653,0.0930657766117653,1.4943434203313668,9.077953839918145,9.077953839918145,70.13293055420579,9.077953839918145,1.9721970272020972,0.703346049816298,0.43,0.43,1
2017-08-06 00:00:00+00:00,1.3730171905335735,4.830264106511313,-0.41403395532048326,-0.41403395532048326,1.2263720210264697,7.249370184390381,7.249370184390381,38.379603201993945,7.249370184390381,2.7362110560402297,-1.1241214606940417,0.45,0.45,1
2017-08-18 00:00:00+00:00,1.211941502628324,2.060721417761233,-0.670307217782538,-0.670307217782538,0.5779171009157633,33.20622376781824,33.20622376781824,69.42430642211879,33.20622376781824,3.145472721457501,-3.333030739157694,0.47,0.47,1
2017-08-30 00:00:00+00:00,5.670435278514196,5.670435278514196,0.12158771878210217,0.12158771878210217,1.9917557017504728,13.753472509451775,13.753472509451775,167.31739786067095,13.753472509451775,1.782742737612754,-0.27260703407421893,0.53,0.53,1
2017-09-11 00:00:00+00:00,4.960538968739711,4.960538968739711,2.4881137625935663,2.4881137625935663,1.5784297753361196,66.40487245391418,66.40487245391418,77.07292710881357,66.40487245391418,4.120465703494404,1.8843594536980035,0.44,0.44,1
2017-09-23 00:00:00+00:00,0.2068536229465098,2.2454977236261766,-1.3757080294785555,-1.3757080294785555,0.6782799014993108,4.557775245634552,4.557775245634552,96.53291315350003,4.557775245634552,2.2859496908493555,-0.46631992319046134,0.46,0.46,1
2017-10-05 00:00:00+00:00,0.9657574822043534,0.9657574822043534,0.1110282055026619,0.1110282055026619,0.5204438942002707,18.599892539975,18.599892539975,107.64253777740069,18.599892539975,0.8933973823496328,-0.27876969337878066,0.47,0.47,1
2017-10-17 00:00:00+00:00,4.350850456548069,11.39866431036804,0.9763852366825452,0.9763852366825452,3.039891936123737,4.935329305953881,4.935329305953881,81.45160152685722,4.935329305953881,1.9108931234267996,-0.5937282580063878,0.53,0.53,1
2017-10-29 00:00:00+00:00,-0.2938632365645026,2.17612307488409,-0.5904707082899403,-0.5904707082899403,1.1101717620939027,0.2158481741836425,0.2158481741836425,4.487827901716556,0.2158481741836425,2.6502938161352065,-0.5404586909668931,0.46,0.46,1
2017-11-10 00:00:00+00:00,0.9096023962354228,2.914912665474694,-2.0053102692392715,-2.0053102692392715,0.9073669264033458,6.361161183210753,6.361161183210753,109.70597055571795,6.361161183210753,1.7810358400133677,1.4292580510977833,0.51,0.51,1
2017-11-22 00:00:00+00:00,1.1158515575937054,1.432809904408059,1.0641389267065096,1.0641389267065096,0.7717094118876873,0.2381394890935815,0.2381394890935815,16.77815590691385,0.2381394890935815,2.4116554210572407,-1.135998707025116,0.46,0.46,1
2017-12-04 00:00:00+00:00,1.1724200432025826,1.65861815114622,0.6586128927870595,0.6586128927870595,0.6519712665729599,0.0653333311825364,0.0653333311825364,25.31187145029223,0.0653333311825364,3.3564683329253167,0.05537819152422019,0.48,0.48,1
2017-12-16 00:00:00+00:00,1.1125051484952564,1.1125051484952564,1.273921485180617,1.273921485180617,0.5001478552370096,6.013929267471203,6.013929267471203,15.527618107419535,6.013929267471203,1.4498739178499618,-0.08912995569204207,0.53,0.53,1
2017-12-28 00:00:00+00:00,-2.62630788292212,1.7763105312452536,-0.7108922437626468,-0.7108922437626468,1.5192758003711064,1.1187176164198949,1.1187176164198949,49.758707522722865,1.1187176164198949,1.8994172869429644,3.4950132645838514,0.54,0.54,1
2018-01-09 00:00:00+00:00,-1.91833676056398,-0.4685216880867665,-0.2189798493549464,-0.2189798493549464,0.6275086881127593,0.1564106399099491,0.1564106399099491,2.75955286759288,0.1564106399099491,2.8297132360693573,1.4625377145490215,0.47,0.47,1
2018-01-21 00:00:00+00:00,0.8013726933806902,1.387964473185275,0.6869098568160552,0.6869098568160552,0.7709607542820563,0.006838655309329,0.006838655309329,69.09292893115212,0.006838655309329,1.8017172759757343,-0.4587597914744366,0.48,0.48,1
2018-02-02 00:00:00+00:00,-2.2808885622343222,0.379999754881428,-0.8113735359662679,-0.8113735359662679,0.9900409386889307,0.0341428570715444,0.0341428570715444,14.859529447088152,0.0341428570715444,2.3245170575670824,-0.9752197479030067,0.5,0.5,1
2018-02-14 00:00:00+00:00,-3.753067897950968,0.8296025363009539,0.5491939873059173,0.5491939873059173,2.0834387927770375,7.854920283854842,7.854920283854842,9.398349368000703,7.854920283854842,2.554109773965277,0.29974607930241803,0.48,0.48,1
2018-02-26 00:00:00+00:00,-1.2692559614519996,-0.1931887481625017,0.06326153557063674,0.06326153557063674,0.8934823472509814,1.796174739641281,1.796174739641281,5.384158407523073,1.796174739641281,3.2371963382709046,3.0891251943927798,0.47,0.47,1
2018-03-10 00:00:00+00:00,-2.905792854644533,-0.2032745638489723,-1.4802156907081372,-1.4802156907081372,0.8871836604295288,0.1042857107307229,0.1042857107307229,3.014508062232102,0.1042857107307229,2.8776489357890336,-0.8696704302590521,0.49,0.49,1
2018-03-22 00:00:00+00:00,0.2272559427536907,1.213310196926177,-0.9860542541724864,-0.9860542541724864,1.2635604913164846,0.4737736615137893,0.4737736615137893,15.068345895768648,0.4737736615137893,3.1875986007112695,-1.1728288308758723,0.49,0.49,1
2018-04-03 00:00:00+00:00,-0.4657901839906117,1.356975038015371,-0.4267223868869769,-0.4267223868869769,0.651220908128278,3.6123242953371686,3.6123242953371686,16.896570008932727,3.6123242953371686,2.5597985041993527,-0.5883659568631834,0.5,0.5,1
2018-04-15 00:00:00+00:00,0.734742263831722,0.734742263831722,0.1686779422409017,0.1686779422409017,1.0152128475554385,11.761822143885665,11.761822143885665,29.671341576701764,11.761822143885665,3.431060139229177,0.4594414605656536,0.53,0.53,1
2018-04-27 00:00:00+00:00,-1.0329945754446088,1.476686262911535,-0.9563982310348365,-0.9563982310348365,0.9326820348685959,0.5715305188682234,0.5715305188682234,17.975481871105828,0.5715305188682234,3.790344414085555,-0.6772788864416017,0.55,0.55,1
2018-05-09 00:00:00+00:00,-1.0915689307583671,0.8038044556879322,-1.2420694635722611,-1.2420694635722611,1.2628143813919732,0.7788425601141251,0.7788425601141251,35.9615834612319,0.7788425601141251,3.0858867889838195,-0.7504418243029556,0.54,0.54,1
2018-05-21 00:00:00+00:00,1.373321591249696,3.430629809712118,-0.9249568027243367,-0.9249568027243367,0.8468911684758738,8.033062548929985,8.033062548929985,30.35175835675718,8.033062548929985,2.6288877356472424,-0.64969308553697,0.57,0.57,1
2018-06-02 00:00:00+00:00,1.5354773377582025,2.3059275398113823,-0.7704502020531798,-0.7704502020531798,0.45381361115807567,13.670975025845928,13.670975025845928,26.389383756964246,13.670975025845928,3.1278586724917212,1.5017703151788506,0.53,0.53,1
2018-06-14 00:00:00+00:00,4.1025326860169296,6.2161171520854985,0.024883807183941897,0.024883807183941897,1.3137603226618768,32.88306706274622,32.88306706274622,300.6661358202399,32.88306706274622,1.1634033397112504,-0.618307521196673,0.52,0.52,1
2018-06-26 00:00:00+00:00,0.5823744626263214,0.850137323653762,-0.2677628610274406,-0.2677628610274406,0.22509210495150733,13.337831059468998,13.337831059468998,131.7768815590078,13.337831059468998,2.842530544877952,0.8540769188719877,0.39,0.39,1
2018-07-08 00:00:00+00:00,4.578309479528253,5.031626252968854,-0.4533167734406014,-0.4533167734406014,1.118911009878793,17.70348305825269,17.70348305825269,89.19450999883576,17.70348305825269,2.4108210942648682,-1.5604842484786805,0.47,0.47,1
2018-07-20 00:00:00+00:00,4.943411386983353,7.900929453674471,1.708824205793499,1.708824205793499,1.5970350507398319,31.63111466493124,31.63111466493124,313.8864354225766,31.63111466493124,1.2114912456054472,-0.6545337720646376,0.46,0.46,1
2018-08-01 00:00:00+00:00,3.16606433975554,3.811463725410868,0.03484507974615614,0.03484507974615614,0.25835762633934,16.24105751327784,16.24105751327784,57.27047729399973,16.24105751327784,3.187244006397367,-1.5785528818809755,0.41,0.41,1
2018-08-13 00:00:00+00:00,4.603919824087497,6.065931373008207,-1.4620115489207102,-1.4620115489207102,1.2808900990715606,33.31455495614725,33.31455495614725,317.4179130243345,33.31455495614725,1.7624301097024688,2.6969090557327866,0.46,0.46,1
2018-08-25 00:00:00+00:00,3.661872593934386,4.708354653039423,1.195973132647341,1.195973132647341,0.858493505697881,25.923921511110528,25.923921511110528,84.58205400688965,25.923921511110528,0.9793847464140716,0.3814309663304602,0.41,0.41,1
2018-09-06 00:00:00+00:00,4.813490140526992,4.813490140526992,0.7236772773673872,0.7236772773673872,1.5620632757870754,32.53357684155597,32.53357684155597,143.38056219703958,32.53357684155597,2.7487882942766904,1.3540321140612899,0.44,0.44,1
2018-09-18 00:00:00+00:00,0.8618744694979977,12.02853798031516,1.2400954869861014,1.2400954869861014,4.502938205461389,1.4262649500230196,1.4262649500230196,193.23509468045168,1.4262649500230196,3.1853482983791785,2.703652073167413,0.45,0.45,1
2018-09-24 00:00:00+00:00,3.5919653415470383,3.5919653415470383,3.0550824247897252,3.0550824247897252,1.6518345146559335,0.1185103597846769,0.1185103597846769,53.59342061737787,0.1185103597846769,3.1727276573952907,0.4363658833764026,0.48,0.4757142857142857,1
2018-09-30 00:00:00+00:00,2.3196672134869734,5.054572099205688,-1.0302916652661227,-1.0302916652661227,0.8848965651519394,0.795748443995245,0.795748443995245,9.254070902348962,0.795748443995245,3.286223444245775,-0.8096902404799717,0.48,0.48,1
2018-10-12 00:00:00+00:00,-1.308030201307847,0.3524688481292105,-0.3443903211889847,-0.3443903211889847,0.6362109833987386,0.119478428755112,0.119478428755112,14.976469126333082,0.119478428755112,4.16550191840459,-0.40505695343954073,0.47,0.47,1
2018-10-24 00:00:00+00:00,-2.0482995147562177,-0.3355200509405404,-0.24898241911767394,-0.24898241911767394,0.6045670146370958,0.1484218456068125,0.1484218456068125,27.498897395866088,0.1484218456068125,2.850575529075993,0.17020325137551984,0.52,0.52,1
2018-11-05 00:00:00+00:00,-0.7470560094152461,7.625251228151174,-0.07141167884838073,-0.07141167884838073,3.29830763539843,0.0648941161168389,0.0648941161168389,73.36880576135523,0.0648941161168389,3.334719056414023,-1.316397822836442,0.49,0.49,1
2018-11-29 00:00:00+00:00,-4.184169041436398,-2.189974928509182,-0.4818229009093189,-0.4818229009093189,0.6783838917134409,0.0626991573318379,0.0626991573318379,2.6800996563387436,0.0626991573318379,3.261312959198995,1.1362211816225805,0.47,0.47,1
2018-12-11 00:00:00+00:00,-1.97251746156835,-0.5212903228741197,-0.4180030778502988,-0.4180030778502988,0.5646460686252308,0.2396123185633819,0.2396123185633819,1.0172767229053674,0.2396123185633819,3.2501036016503213,-0.1512448916805269,0.49,0.49,1
2018-12-23 00:00:00+00:00,0.7153978383661888,0.7153978383661888,0.623692614970787,0.623692614970787,1.8914118274018255,60.966969994517775,60.966969994517775,79.08412699457008,60.966969994517775,2.099569429360663,-1.014644284741307,0.5,0.5,1
2019-01-04 00:00:00+00:00,-7.187458310620423,-0.8916190111564356,-0.8275658972872773,-0.8275658972872773,2.090539308293481,0.0818571395107678,0.0818571395107678,56.235264969214334,0.0818571395107678,1.5370361272003732,-1.925680692783076,0.41,0.41,1
2019-01-16 00:00:00+00:00,-3.4222989065220464,-1.9226661760477872,-0.5663719757685612,-0.5663719757685612,0.8740683119731124,0.7116291095443716,0.7116291095443716,1.6764111636502785,0.7116291095443716,2.2795758064684812,0.32411125817278075,0.45,0.45,1
2019-01-28 00:00:00+00:00,-5.411857819008437,-0.5651942799588141,-0.038099991753843376,-0.038099991753843376,1.8919841399734694,0.2072801079724182,0.2072801079724182,0.8172307933380634,0.2072801079724182,2.50464433031819,0.08956142106086062,0.48,0.48,1
2019-02-09 00:00:00+00:00,-4.789110064257548,-3.050669392869604,-1.379969806925219,-1.379969806925219,0.7470434716075693,0.0035714284916009,0.0035714284916009,0.47572155842175934,0.0035714284916009,2.0832797096804185,-0.056328206895780664,0.48,0.48,1
2019-02-21 00:00:00+00:00,-5.340456811614131,-4.158628101271752,1.5165229967312186,1.5165229967312186,1.0446877651624666,0.0,0.0,0.4901097938983892,0.0,2.3828103741661883,-0.5207320299715763,0.53,0.53,1
2019-03-05 00:00:00+00:00,-2.4015978816284043,-0.6201351318565139,-0.7346526779816487,-0.7346526779816487,0.6654896337708153,0.1265714239595191,0.1265714239595191,0.7710388042141169,0.1265714239595191,2.429073910709352,0.2842551052306548,0.56,0.56,1
2019-03-17 00:00:00+00:00,-3.523084157578705,-1.731992811889504,-0.09711838055096411,-0.09711838055096411,0.7637103762824226,0.6827915814281011,0.6827915814281011,2.3035949019230935,0.6827915814281011,2.688568628523893,1.6929523897035577,0.52,0.52,1
2019-03-29 00:00:00+00:00,-0.7621752630996343,-0.7621752630996343,0.14802833274312444,0.14802833274312444,1.342488937354587,0.0,0.0,1.2907506673682816,0.0,3.0257833380621983,-0.8580204845786481,0.56,0.56,1
2019-04-10 00:00:00+00:00,0.0534770846774335,0.0534770846774335,0.7479236357973422,0.7479236357973422,0.8219962459422047,0.465886820896792,0.465886820896792,2.560365203269215,0.465886820896792,3.590150541361165,0.5107787800088022,0.54,0.54,1
2019-04-22 00:00:00+00:00,0.5196923602667812,1.57483282970672,-0.7777342509108712,-0.7777342509108712,0.782932175286855,0.0921428537794522,0.0921428537794522,5.703678305885364,0.0921428537794522,3.4509019790126945,-0.7489079249838522,0.56,0.56,1
2019-05-04 00:00:00+00:00,0.3771544756295043,1.0792639646517637,0.692597868317971,0.692597868317971,0.6155786113000788,1.4935965967855571,1.4935965967855571,11.16451530527615,1.4935965967855571,3.729322891355103,-0.47933917342463106,0.56,0.56,1
2019-05-16 00:00:00+00:00,1.2399802424527298,1.2399802424527298,1.2037591263574723,1.2037591263574723,0.525611137246375,0.4325770218540974,0.4325770218540974,26.283318189515487,0.4325770218540974,3.979623566418238,0.031235593033295928,0.53,0.53,1
2019-05-28 00:00:00+00:00,1.1969542531792832,1.1969542531792832,0.618075171939272,0.618075171939272,0.24629197911273182,12.42449160531372,12.42449160531372,72.37681292902792,12.42449160531372,3.2524038166629086,1.7207364805046015,0.48,0.48,1
2019-06-09 00:00:00+00:00,2.3054455470619724,2.3054455470619724,1.1650492183388272,1.1650492183388272,1.0299793321175346,15.69578005952192,15.69578005952192,23.2877518833079,15.69578005952192,4.114686691765745,-0.7653777558711141,0.46,0.46,1
2019-06-21 00:00:00+00:00,2.383688472093927,2.5572517913454798,0.2493620982221909,0.2493620982221909,0.9097817143720679,4.633482250782142,4.633482250782142,25.950204994174275,4.633482250782142,3.4193596425545985,1.1044759999346212,0.48,0.48,1
2019-07-03 00:00:00+00:00,-0.4181685404398013,4.929493089386088,-1.4970808519865386,-1.4970808519865386,1.93586916788068,0.8897361158471064,0.8897361158471064,191.58269619550606,0.8897361158471064,1.820392234912607,2.316607693933637,0.48,0.48,1
2019-07-15 00:00:00+00:00,4.4824928892674505,4.4824928892674505,1.2896518108884627,1.2896518108884627,2.146964497141296,21.87802356036208,21.87802356036208,54.22570802064053,21.87802356036208,4.2670645438762715,1.4339767214792944,0.45,0.45,1
2019-07-27 00:00:00+00:00,2.578779710501985,2.90118547184844,0.6067038958417832,0.6067038958417832,0.7675602441340164,10.768958287473758,10.768958287473758,94.3302930495123,10.768958287473758,1.5827857750002703,-1.9365314600733186,0.44,0.44,1
2019-08-08 00:00:00+00:00,9.149132783300884,10.645740260939784,-1.4966074776389,-1.4966074776389,2.1479420917653838,23.9083865491353,23.9083865491353,111.99552961962678,23.9083865491353,1.4769300617471728,0.20519760527431674,0.44,0.44,1
2019-08-20 00:00:00+00:00,2.567979235426173,2.5706986739794955,-0.002719438553322462,-0.002719438553322462,1.0051853267349915,10.458207614487792,10.458207614487792,27.796941087481965,10.458207614487792,2.477193020557763,-2.13917508168755,0.37,0.37,1
2019-09-01 00:00:00+00:00,3.042725667521881,6.677202072054351,-0.05554755650562626,-0.05554755650562626,1.8458971955279655,13.643824284054046,13.643824284054046,170.21649807629382,13.643824284054046,1.5158847441267052,1.0271754024645612,0.42,0.42,1
2019-09-13 00:00:00+00:00,4.443729217129876,5.009360341928841,-0.5656311247989647,-0.5656311247989647,1.7997593526079085,5.9332922661718746,5.9332922661718746,156.7806920857648,5.9332922661718746,1.796872008341625,-1.2195821252989694,0.41,0.41,1
2019-09-25 00:00:00+00:00,-1.7277627938435762,3.3426465660030957,0.4239248298991878,0.4239248298991878,2.452888638983449,0.4195674990618429,0.4195674990618429,57.69546643694345,0.4195674990618429,2.832722843101628,0.9467499044378109,0.46,0.46,1
2019-10-07 00:00:00+00:00,-0.4253201226277451,0.2357470941635256,0.23145842897210978,0.23145842897210978,0.68666269643359,0.0115652658212251,0.0115652658212251,34.273967779563414,0.0115652658212251,3.5596013133088644,-0.06792526181763847,0.5,0.5,1
2019-10-19 00:00:00+00:00,-1.1442929673970503,-0.416201411303191,-0.46905549541479563,-0.46905549541479563,0.4955812151007913,2.1505641081779987,2.1505641081779987,4.730920912155073,2.1505641081779987,3.397873205124669,-1.2628542931428988,0.45,0.45,1
2019-10-31 00:00:00+00:00,1.0969826453193674,1.510966168545856,0.9937986048961467,0.9937986048961467,0.9993900444031593,12.89608033556397,12.89608033556397,69.15292946490638,12.89608033556397,1.9466565992878668,2.892199939415008,0.49,0.49,1
2019-11-12 00:00:00+00:00,-0.8199883430580667,5.935755149458273,-0.35543001468424334,-0.35543001468424334,2.6065351602725526,1.468554023428812,1.468554023428812,33.97489724406476,1.468554023428812,1.7408995332379291,1.3664844410622954,0.45,0.45,1
2019-11-24 00:00:00+00:00,-1.537226309729449,2.3428407216499907,0.29718837059452197,0.29718837059452197,1.8985750302601114,0.4333730984110834,0.4333730984110834,50.19666494620331,0.4333730984110834,1.896067368141263,-0.349043869585405,0.46,0.46,1
2019-12-06 00:00:00+00:00,-0.2156083941517863,4.918100816822698,0.4233533344593889,0.4233533344593889,2.352429881091533,0.1760123201458602,0.1760123201458602,73.85732439688984,0.1760123201458602,1.764516498449803,1.3077662582167568,0.44,0.44,1
2019-12-18 00:00:00+00:00,-2.682702334378555,-2.306672167741199,0.13406326773358135,0.13406326773358135,0.48791656694712715,1.006034707745709,1.006034707745709,2.9750755495901458,1.006034707745709,2.865491559673875,0.3824775688672073,0.47,0.47,1
2019-12-30 00:00:00+00:00,-4.588955108987139,0.987226873266045,-0.6261874634079869,-0.6261874634079869,2.0620750270276766,0.075933330891346,0.075933330891346,69.84906837289009,0.075933330891346,2.4357302548717605,0.6622659558612369,0.47,0.47,1
2020-01-11 00:00:00+00:00,-0.0092284105799626,-0.0092284105799626,0.5134305993698945,0.5134305993698945,1.5636116107601936,0.0484285704791545,0.0484285704791545,6.450367909116924,0.0484285704791545,2.7484001875473223,-0.3008998658824624,0.47,0.47,1
2020-01-17 00:00:00+00:00,-2.374288633246906,0.2815312485516187,-0.18051408130326285,-0.18051408130326285,1.283591545327734,0.1687142819431232,0.1687142819431232,26.163334530176343,0.1687142819431232,2.7762149343360254,-0.11931849703353548,0.53,0.5214285714285715,1
2020-01-23 00:00:00+00:00,-4.653432541906368,-2.374288633246906,1.3901955048710803,1.3901955048710803,1.8371936267088742,0.3104162360180993,0.3104162360180993,2.1069114315694493,0.3104162360180993,2.568086880155014,-0.4770705842412899,0.57,0.5642857142857143,1
2020-01-29 00:00:00+00:00,-1.750461384969385,-0.495201703646162,-0.18306643557603808,-0.18306643557603808,1.4989896749870097,0.442687946432257,0.442687946432257,5.644430668196362,0.442687946432257,2.408611403752069,0.6700961736096351,0.49,0.5014285714285714,0
2020-02-04 00:00:00+00:00,-3.885415714006813,-1.750461384969385,1.6128419997508168,1.6128419997508168,1.7508417470858095,0.4267809406667948,0.4267809406667948,2.945670740098721,0.4267809406667948,2.0425379406023247,-0.19224082218109717,0.49,0.49,1
2020-02-10 00:00:00+00:00,-6.686210001254076,-2.7663915026451287,-1.2028117924506656,-1.2028117924506656,1.3498764856175656,0.1672380893720256,0.1672380893720256,40.049888158214046,0.1672380893720256,2.2224409174638367,-0.7906577425310832,0.54,0.5328571428571429,0
2020-02-16 00:00:00+00:00,-4.289686715199496,-3.52184172767782,-0.5708939291433488,-0.5708939291433488,1.4792178007093622,0.1251428532547184,0.1251428532547184,1.3536218083994227,0.1251428532547184,2.708633224717643,-0.6354634307178322,0.46,0.4714285714285714,1
2020-02-22 00:00:00+00:00,-7.590003364638105,-4.289686715199496,0.7855549869778047,0.7855549869778047,1.4476724369687652,0.4902313592677272,0.4902313592677272,1.6093478593495294,0.4902313592677272,2.5824800271360817,0.10667526200855937,0.56,0.5457142857142857,0
2020-02-28 00:00:00+00:00,-2.902145094098378,-2.902145094098378,0.3220818661477822,0.3220818661477822,1.6624156857644512,0.0721731073386362,0.0721731073386362,1.570699126543555,0.0721731073386362,2.6103329081517685,1.2859235701158014,0.48,0.49142857142857144,1
2020-03-11 00:00:00+00:00,-3.817013962865021,-0.1293680899632454,-1.6878221299366847,-1.6878221299366847,1.264033435156138,1.0166543166116089,1.0166543166116089,5.329259271452971,1.0166543166116089,3.5286796370854696,-1.262999095807697,0.52,0.52,1
2020-03-23 00:00:00+00:00,-1.6246898778337344,-1.6246898778337344,0.8721285475508196,0.8721285475508196,0.8446044165543238,0.4135025059392138,0.4135025059392138,1.5511086444945936,0.4135025059392138,3.4199278734594576,-0.46473054586034435,0.51,0.51,1
2020-04-04 00:00:00+00:00,-2.693604437872564,-0.6704314827492636,0.44771095977877806,0.44771095977877806,0.9508512997590154,0.4311428491558347,0.4311428491558347,1.8853346390318886,0.4311428491558347,3.029543096382931,0.4903651637501292,0.55,0.55,1
2020-04-16 00:00:00+00:00,-2.294580689164577,-0.6922042179081472,-0.24369853186057266,-0.24369853186057266,0.8547276343693055,2.158154574172566,2.158154574172566,19.22450933454929,2.158154574172566,2.8930700996415752,-0.8813593682369629,0.56,0.56,1
2020-04-28 00:00:00+00:00,-1.2495275400209358,-0.8785220927445334,0.42483676336021725,0.42483676336021725,0.3128554987166072,0.2975490106512852,0.2975490106512852,5.002077214979366,0.2975490106512852,2.955556203696935,-1.0589566785159867,0.55,0.55,1
2020-05-10 00:00:00+00:00,0.2172631062252912,0.9001835065112391,-0.01780542341264668,-0.01780542341264668,0.3079376373238474,3.132212252833617,3.132212252833617,19.022127325781504,3.132212252833617,3.766035066300533,0.27406443399606406,0.55,0.55,1
2020-05-16 00:00:00+00:00,2.5973940678482177,5.3070973243349,-2.7097032564866823,-2.7097032564866823,1.8221861659814715,1.4811232181893093,1.4811232181893093,100.62525990662402,1.4811232181893093,2.9444395025633097,-0.38809478579407247,0.54,0.5414285714285715,1
2020-05-22 00:00:00+00:00,1.003608539593115,3.166778064645041,-0.2187452441218194,-0.2187452441218194,0.9109926117152566,4.074176370739436,4.074176370739436,17.73671774650415,4.074176370739436,3.2826112830445,-1.1811330973868412,0.46,0.4714285714285715,1
2020-06-03 00:00:00+00:00,-0.2932525899888423,-0.2932525899888423,0.4069954065978528,0.4069954065978528,0.8968924158879801,3.563464915089163,3.563464915089163,22.941507960774263,3.563464915089163,4.223458492675233,0.2416783505751443,0.47,0.47,1
2020-06-15 00:00:00+00:00,-1.7404725052895085,5.245926016161975,0.05696541399171062,0.05696541399171062,2.644007262697778,5.790951687275674,5.790951687275674,112.20223499780192,5.790951687275674,2.3475288952097775,-0.5406730063107316,0.47,0.47,1
2020-06-27 00:00:00+00:00,0.3460951095064228,1.7859043543854205,0.0810989171019173,0.0810989171019173,0.5632053932998492,13.698161576992993,13.698161576992993,57.06873764113092,13.698161576992993,3.5291858959141633,-0.36230681565668776,0.5,0.5,1
2020-07-09 00:00:00+00:00,2.497186768591928,2.497186768591928,0.7016147905863184,0.7016147905863184,1.1429981710051178,6.156980812611678,6.156980812611678,43.022476880062236,6.156980812611678,3.670335992961603,1.3146595351349273,0.47,0.47,1
2020-07-21 00:00:00+00:00,0.5480659160170762,1.090484913328983,0.0934851741172315,0.0934851741172315,0.3768005335686345,19.68916426217043,19.68916426217043,37.24324843024799,19.68916426217043,3.247206022768221,2.158499009985067,0.46,0.46,1
2020-08-02 00:00:00+00:00,1.3963359750072413,5.578142738846218,0.7287479451960825,0.7287479451960825,1.8112191781487148,15.560978908422262,15.560978908422262,169.59600164522527,15.560978908422262,1.8020397111646302,-0.9874089703356607,0.49,0.49,1
2020-08-14 00:00:00+00:00,0.9209481062325358,4.494517207341414,1.05448760145111,1.05448760145111,2.2425137329568674,9.374292797425593,9.374292797425593,66.1218046121316,9.374292797425593,1.2496242518764795,-2.9135001838814785,0.49,0.49,1
2020-08-26 00:00:00+00:00,2.450898310780467,2.450898310780467,0.741099530325737,0.741099530325737,1.1126194346824736,0.4496072712127401,0.4496072712127401,25.180875054417648,0.4496072712127401,2.8732249501568274,0.11646837123541731,0.45,0.45,1
2020-09-07 00:00:00+00:00,0.1475443331144924,3.841080555831432,-2.5271125498897167,-2.5271125498897167,1.394823328271477,22.9071014565795,22.9071014565795,42.161942863574865,22.9071014565795,3.973936232971823,-0.6000063274602443,0.45,0.45,1
2020-09-19 00:00:00+00:00,-0.5842413009775919,3.609993837116781,0.8808592852707079,0.8808592852707079,1.9322391719068877,2.7573523158846154,2.7573523158846154,83.11855273652925,2.7573523158846154,2.1051647596048597,-2.3251373184196513,0.43,0.43,1
2020-10-01 00:00:00+00:00,2.464481057545927,3.610363451863232,-1.1458823943173053,-1.1458823943173053,1.2955616889357495,43.06870857036999,43.06870857036999,85.92830924996663,43.06870857036999,2.6164395987007047,-0.914093605641644,0.47,0.47,1
2020-10-13 00:00:00+00:00,1.1582639667960757,4.008354504001472,-1.1969646928731528,-1.1969646928731528,0.913165951356226,3.6645444424481695,3.6645444424481695,161.0643972833273,3.6645444424481695,1.3487979189154606,2.8724575704699005,0.43,0.43,1
2020-10-25 00:00:00+00:00,4.776673232886824,7.866472485190461,3.6758838588766234,3.6758838588766234,2.3703897247642134,49.04453500994155,49.04453500994155,164.86643212926998,49.04453500994155,1.7446841969423503,-0.5507433806300349,0.47,0.47,1
2020-11-06 00:00:00+00:00,-1.679085358464654,5.3034895824539126,0.2804738534157514,0.2804738534157514,2.6022259267577246,0.5228358416675645,0.5228358416675645,64.66108051049808,0.5228358416675645,1.8463337578960899,1.6499244345804303,0.37,0.37,1
2020-11-18 00:00:00+00:00,-0.0104281450335111,3.013812740996218,0.33487198850532873,0.33487198850532873,1.6457051744900055,0.1422431310664872,0.1422431310664872,35.10547591762706,0.1422431310664872,3.2556308374825096,0.9727017503631745,0.46,0.46,1
2020-11-30 00:00:00+00:00,-1.41944576434631,-0.6826635439116217,-0.17062628882093112,-0.17062628882093112,0.2608310326340546,1.142817897317352,1.142817897317352,74.83158537739476,1.142817897317352,1.9572532644917597,2.60941097126337,0.45,0.45,1
2020-12-12 00:00:00+00:00,0.5368662747948838,0.5368662747948838,0.9512464469339466,0.9512464469339466,0.4813869934775768,1.4703467421689662,1.4703467421689662,73.95104540586367,1.4703467421689662,2.409859837901596,0.4636066208883731,0.4,0.4,1
2020-12-24 00:00:00+00:00,-0.0051611017397954,0.1824218137172283,0.2302764228632441,0.2302764228632441,0.16143751642524315,0.0147232487843651,0.0147232487843651,75.6042822950731,0.0147232487843651,1.6581664785165804,-0.3076769480741164,0.47,0.47,1
2021-01-05 00:00:00+00:00,-1.671274962510215,0.047528071955021,0.234870871483581,0.234870871483581,0.8835422923245971,0.0467983179636487,0.0467983179636487,32.65634368061132,0.0467983179636487,2.709583703343412,-0.8293508626028081,0.51,0.51,1
2021-01-17 00:00:00+00:00,-0.2476509820115461,0.9078496705184808,-0.9228984947079152,-0.9228984947079152,1.3249066351130745,2.8128290700116287,2.8128290700116287,4.3444783311323665,2.8128290700116287,3.3307220455918447,-1.5856225067799126,0.5,0.5,1
2021-01-29 00:00:00+00:00,-3.565641745921166,-0.1815903528917988,-1.1198039453718223,-1.1198039453718223,1.1868376503868696,0.4416560113127408,0.4416560113127408,12.086037253777624,0.4416560113127408,2.5344816422040664,-0.3854762152523743,0.46,0.46,1
2021-02-10 00:00:00+00:00,0.4558977923198836,0.4558977923198836,0.6367175471886003,0.6367175471886003,1.392326637294797,0.9895635567218356,0.9895635567218356,14.997311103532835,0.9895635567218356,2.451870142879021,1.4984768814348746,0.47,0.47,1
2021-02-22 00:00:00+00:00,0.3657662684655224,0.3657662684655224,2.1250248653360178,2.1250248653360178,1.9277397505562257,25.774378078100515,25.774378078100515,40.36242201161892,25.774378078100515,2.2783875671719653,-2.6129753008557923,0.52,0.52,1
2021-03-06 00:00:00+00:00,-4.193263773995568,-2.0672083382395794,-0.1040618493524379,-0.1040618493524379,0.7973664126009643,0.246107556146233,0.246107556146233,5.348222003360944,0.246107556146233,3.3911220655164085,0.6185791007480952,0.49,0.49,1
2021-03-18 00:00:00+00:00,0.7329814963886747,0.7329814963886747,1.0126370264563593,1.0126370264563593,1.0680816702334082,1.6727467356480303,1.6727467356480303,36.69106023490857,1.6727467356480303,2.976792201661133,-0.46454378086708514,0.55,0.55,1
2021-03-30 00:00:00+00:00,2.98917497976523,2.98917497976523,0.5404470694019983,0.5404470694019983,1.62057535777202,0.0,0.0,0.9274739316461673,0.0,3.4704135258938607,-1.1427744606631651,0.54,0.54,1
2021-04-11 00:00:00+00:00,-3.1230385509591723,0.1701422351355722,-0.32986036022979537,-0.32986036022979537,1.2176498706445453,0.2653165191975461,0.2653165191975461,1.4781075300167754,0.2653165191975461,3.3720318593470426,-0.6596549895230988,0.57,0.57,1
2021-04-23 00:00:00+00:00,2.867664704477065,5.085700994469371,-1.0673840437628677,-1.0673840437628677,1.5390593141821247,0.2777675023633225,0.2777675023633225,4.4846547933960075,0.2777675023633225,1.5828831895349254,1.837159320797182,0.54,0.54,1
2021-05-05 00:00:00+00:00,-0.5338712498394307,-0.2469924236454244,-0.2868788261940063,-0.2868788261940063,0.4936253455945319,0.1906039166688418,0.1906039166688418,0.6445019474235317,0.1906039166688418,3.281404814398916,-0.34628572409295355,0.55,0.55,1
2021-05-17 00:00:00+00:00,0.6263624596309092,1.3310530625178945,0.1225531338238216,0.1225531338238216,0.30551526286791375,14.60068927483576,14.60068927483576,24.005814560742152,14.60068927483576,3.4262047637775077,-1.396603043499157,0.53,0.53,1
2021-05-29 00:00:00+00:00,1.611928791252285,1.611928791252285,1.6874105139417224,1.6874105139417224,0.6785605417095512,3.050407783777377,3.050407783777377,16.68768026509497,3.050407783777377,3.9478532343570016,0.0029185591566660563,0.58,0.58,1
2021-06-10 00:00:00+00:00,3.511367994623288,3.511367994623288,1.00901950822692,1.00901950822692,1.0472133532584547,11.919039506394864,11.919039506394864,68.59705503915966,11.919039506394864,2.758360228023906,2.305380014853588,0.51,0.51,1
2021-06-22 00:00:00+00:00,0.0282812569991801,1.91956398000606,-1.2727442340749258,-1.2727442340749258,0.9805956685254935,7.397911872336906,7.397911872336906,31.195703420402268,7.397911872336906,3.460853841361095,1.3019536364942783,0.46,0.46,0
2021-07-10 00:00:00+00:00,0.4486134132138977,4.45618098209452,-0.44723485306065414,-0.44723485306065414,1.7312352447702493,18.760601819661503,18.760601819661503,106.54154876795397,18.760601819661503,2.0782227191669462,-0.35129301505359023,0.43,0.43,1
2021-07-16 00:00:00+00:00,2.8251610273217374,2.8251610273217374,1.0954901005688589,1.0954901005688589,1.0372986158488346,26.07857311433614,26.07857311433614,86.49115709039343,26.07857311433614,2.5373821439736197,-0.9481121035331626,0.47,0.4642857142857143,1
2021-07-28 00:00:00+00:00,5.166160010578023,7.427440338247107,-1.6142962716241893,-1.6142962716241893,1.1953618862088544,69.68541915809304,69.68541915809304,335.6108618361049,69.68541915809304,1.7089752238369813,-0.5674829406057664,0.48,0.48,1
2021-08-09 00:00:00+00:00,0.7856887665379326,3.457896839305613,1.1132212779189286,1.1132212779189286,1.3918388253717975,3.473260977510624,3.473260977510624,18.43534859056076,3.473260977510624,2.101774408597087,-2.5719707796548397,0.39,0.39,1
2021-08-21 00:00:00+00:00,0.9314902190075371,1.5014233708076064,0.4261730034019273,0.4261730034019273,1.2566579951535914,14.299651768332357,14.299651768332357,56.56648105356362,14.299651768332357,2.5565594792840365,-2.1140831828157562,0.45,0.45,1
2021-09-02 00:00:00+00:00,1.2055423697033256,1.4819372693696642,0.7690111436936422,0.7690111436936422,0.5230144453346687,19.60891214843704,19.60891214843704,82.52626779531899,19.60891214843704,2.3987546014383154,2.9415575261736437,0.41,0.41,1
2021-09-08 00:00:00+00:00,5.3695382044640425,5.3695382044640425,2.5435913246795825,2.5435913246795825,1.6384653445147743,45.46001741451396,45.46001741451396,163.4411413865257,45.46001741451396,2.7314439831149997,-0.6053305080347198,0.45,0.44428571428571434,1
2021-09-14 00:00:00+00:00,-1.7610196127105155,5.3695382044640425,-1.0996839959564386,-1.0996839959564386,2.470572756341979,1.295620700575996,1.295620700575996,134.70789876274213,1.295620700575996,1.72383992686192,4.000876705208643,0.39,0.3985714285714286,1
2021-09-26 00:00:00+00:00,2.232496428546292,2.232496428546292,1.002847305823816,1.002847305823816,1.2111075633339707,4.95771921431484,4.95771921431484,28.83799705931056,4.95771921431484,2.34555965831086,1.3183406279187861,0.45,0.45,1
2021-10-08 00:00:00+00:00,2.1729842156279484,3.956699420090008,-0.8240387477463806,-0.8240387477463806,1.0739013979815133,2.8186710748723405,2.8186710748723405,108.02950559873102,2.8186710748723405,0.9550457829708427,0.07268028085539957,0.55,0.55,1
2021-10-20 00:00:00+00:00,-2.5008966260642045,3.4363522823448878,0.5021710427486683,0.5021710427486683,2.6115821791086318,2.7524806030402456,2.7524806030402456,40.64638279452919,2.7524806030402456,2.4648517330489237,-1.2018017567345423,0.51,0.51,1
2021-11-01 00:00:00+00:00,-2.4557881213084327,-1.2236431990128769,0.8410816597257513,0.8410816597257513,0.8770634466079661,0.291294061108401,0.291294061108401,1.5747909488695924,0.291294061108401,3.1426691303033363,0.6734129523097199,0.48,0.48,1
2021-11-13 00:00:00+00:00,-0.9712046538181311,0.825277360422624,0.47495548895472894,0.47495548895472894,0.7250375708167804,0.8785165073657903,0.8785165073657903,30.13003011662356,0.8785165073657903,2.3502195814732567,-0.158649242799354,0.46,0.46,1
2021-11-25 00:00:00+00:00,-0.0731952141517831,3.0888515592570185,0.2689080450263282,0.2689080450263282,1.371849286037287,20.466391671183377,20.466391671183377,42.00181694674736,20.466391671183377,2.8096962740134708,-2.3895531898173097,0.51,0.51,1
2021-12-07 00:00:00+00:00,-2.439486901565979,0.4151288155539078,-1.4559968269054662,-1.4559968269054662,1.1907849940821378,0.2316302465518065,0.2316302465518065,1.9710207397334212,0.2316302465518065,2.3606646680756795,-0.3162490740215662,0.49,0.49,1
2021-12-19 00:00:00+00:00,-3.2824411013929056,2.1427407142700394,-2.096879799649032,-2.096879799649032,1.814028642650914,12.080336439391017,12.080336439391017,63.26081086473105,12.080336439391017,1.6613254363751833,-1.4471657434958078,0.49,0.49,1
2024-07-30 00:00:00+00:00,-0.5569878113345476,6.592594823859981,-1.0880107068213691,-1.0880107068213691,2.7582129160827993,14.072827186843154,14.072827186843154,160.3291626853735,14.072827186843154,1.552673257209813,3.5633173077897453,0.49,0.49,1
2024-11-27 00:00:00+00:00,-0.724348809736548,-0.2499442517709394,-0.08369146555880436,-0.08369146555880436,0.5731199491945036,0.3874302381268736,0.3874302381268736,1.0174386263984272,0.3874302381268736,3.1929715914194867,1.6512706825619432,0.38,0.38,1
2025-04-02 00:00:00+00:00,-2.2488944501476364,1.7996398661474813,-1.4184269230903013,-1.4184269230903013,1.3705246116237526,0.2099484540252875,0.2099484540252875,32.95179303105369,0.2099484540252875,2.9551580452329893,0.6083484995261426,0.52,0.52,1
2025-04-14 00:00:00+00:00,-0.0786085255947546,0.8998283940090914,0.13265847069371367,0.13265847069371367,0.9947598732403177,0.0897787113667202,0.0897787113667202,23.473630818101046,0.0897787113667202,3.7418592954756407,0.8435807176248313,0.63,0.63,1
2025-04-26 00:00:00+00:00,-1.2690068185208656,0.3816027296351967,-0.44057148887470243,-0.44057148887470243,0.6893252751767279,0.1866341700240009,0.1866341700240009,1.5616386234337736,0.1866341700240009,3.223182796505376,0.3068457968153786,0.57,0.57,1
2025-05-08 00:00:00+00:00,0.946506034146296,1.563152093247918,-0.616646059101622,-0.616646059101622,0.22724148760858515,9.964744869997874,9.964744869997874,104.96692369343678,9.964744869997874,2.6075075874536715,-1.3409853792136612,0.59,0.59,1
2025-06-01 00:00:00+00:00,0.4284416527175926,0.4284416527175926,0.9022940278636815,0.9022940278636815,0.5881610102954685,0.8941215461640717,0.8941215461640717,58.21633981792775,0.8941215461640717,1.4472563066769488,2.4511531760265473,0.59,0.59,1
2025-06-13 00:00:00+00:00,-1.5730172599181242,5.8276743549855015,-1.4768791065440747,-1.4768791065440747,2.78478849187531,3.646882269653056,3.646882269653056,121.52438544532991,3.646882269653056,1.6091527256474822,0.7033842621949818,0.47,0.47,1
2025-06-25 00:00:00+00:00,0.0056174189540615,1.3569110773512512,-0.7034373621230771,-0.7034373621230771,0.6474801387949056,6.041511890468728,6.041511890468728,94.90648577376159,6.041511890468728,1.6686943817983046,-1.0547032127610776,0.5,0.5,1
2025-07-07 00:00:00+00:00,1.5357335181017695,1.9194077044005096,0.4281216029754431,0.4281216029754431,0.2757634050623322,5.135746104302672,5.135746104302672,165.4297906986526,5.135746104302672,2.8074470832805614,1.8502995725348201,0.46,0.46,1
2025-07-19 00:00:00+00:00,9.098644728563668,11.169260580976696,-2.0706158524130274,-2.0706158524130274,3.6978498057704696,117.62869480498334,117.62869480498334,295.6343226690701,117.62869480498334,1.4181102469251263,0.0006161284999641053,0.44,0.44,1
2025-07-31 00:00:00+00:00,2.5675378303579053,6.2740421620567215,-0.7980371921014742,-0.7980371921014742,1.1838626883620105,0.7876940973203221,0.7876940973203221,98.0596632816048,0.7876940973203221,1.282631024505492,0.2360062693418763,0.36,0.36,1
2025-08-12 00:00:00+00:00,1.6671303502330557,1.6671303502330557,0.22988575409326617,0.22988575409326617,0.711628580402014,9.049961671304656,9.049961671304656,50.34125200859621,9.049961671304656,2.2875754693248,-1.6218526023662845,0.43,0.43,1
2025-08-24 00:00:00+00:00,0.6925932676019148,1.842073121683352,0.3702302664866148,0.3702302664866148,1.2916517806271626,2.2460912613311903,2.2460912613311903,57.280333118714225,2.2460912613311903,1.148894655450416,0.9400788994936146,0.44,0.44,1
2025-09-05 00:00:00+00:00,0.8560406358684122,3.0340875130573117,-0.6032075716402324,-0.6032075716402324,0.8895666839206728,25.94870917897097,25.94870917897097,115.5515020442146,25.94870917897097,1.2226929514213958,-1.068653515998319,0.48,0.48,1
2025-09-17 00:00:00+00:00,1.1500761914365285,1.6485297948036168,-0.4984536033670883,-0.4984536033670883,0.8342054938099702,19.10179282679465,19.10179282679465,129.6546467562237,19.10179282679465,1.341013557281634,-0.5047984407264701,0.43,0.43,1
2025-09-29 00:00:00+00:00,-0.9723276363508194,3.535669851356652,0.7084471474445307,0.7084471474445307,2.106177801097355,20.015504328872098,20.015504328872098,105.26720205197432,20.015504328872098,1.1106685115430943,-2.245858120872856,0.42,0.42,1
2025-10-11 00:00:00+00:00,-0.882126501724124,1.257343018372776,-0.8785162677685731,-0.8785162677685731,1.0901801668107212,3.3674514584134774,3.3674514584134774,67.32042266555186,3.3674514584134774,1.6687157807023827,0.19683509795254894,0.5,0.5,1
2025-10-23 00:00:00+00:00,1.3331534243069472,5.362247927071439,-0.3755965579618352,-0.3755965579618352,1.5301132180230623,14.538674753747507,14.538674753747507,83.01500137466755,14.538674753747507,2.054411131749375,-1.1784698016411026,0.45,0.45,1
2025-11-04 00:00:00+00:00,3.443118477761309,3.443118477761309,3.0173599923381698,3.0173599923381698,1.6797541888846363,60.10996677798509,60.10996677798509,153.876455892255,60.10996677798509,1.6356673566043256,-0.013541266279693598,0.46,0.46,1
2025-11-16 00:00:00+00:00,-3.00297825497546,7.960438023578172,-0.5616475328520756,-0.5616475328520756,3.6954090719117305,4.709146662920253,4.709146662920253,55.73457684877376,4.709146662920253,2.3817654464293585,2.7734234510607014,0.4,0.4,1
2025-11-28 00:00:00+00:00,0.5787224692585005,3.824495588897844,-0.8727820119120588,-0.8727820119120588,1.756347565475683,1.1731994085488662,1.1731994085488662,91.21400070137642,1.1731994085488662,1.087642802923456,-0.6998245654683536,0.44,0.44,1
2025-12-10 00:00:00+00:00,-1.3986376692731577,0.4303666254397831,0.11306354016051023,0.11306354016051023,0.975653014773671,1.990046460104047,1.990046460104047,38.664884269584924,1.990046460104047,1.760757601450617,-0.549954027391744,0.45,0.45,1
2025-12-22 00:00:00+00:00,0.0209595830632315,0.4794712245147093,-0.3997256052400917,-0.3997256052400917,1.1240068708531903,3.8679343667354034,3.8679343667354034,17.73217492503699,3.8679343667354034,1.7871081921481284,-1.7682701530368028,0.45,0.45,1
2026-01-03 00:00:00+00:00,-3.801277103760949,1.418984488799324,-1.3953935508358692,-1.3953935508358692,1.8703188579103367,0.5564072678920601,0.5564072678920601,10.643694992574476,0.5564072678920601,1.8624729845281924,0.8247839206578929,0.45,0.45,1
2026-01-15 00:00:00+00:00,-0.2085664085739699,-0.2085664085739699,1.1262240968667907,1.1262240968667907,1.2277378717302427,1.5460727899412023,1.5460727899412023,24.47650417765746,1.5460727899412023,1.4032204787559068,1.1685385446419074,0.43,0.43,1
2026-01-27 00:00:00+00:00,-4.2898080821214535,-2.575786747572274,0.303729514554143,0.303729514554143,1.2420361338791392,0.1165764667347323,0.1165764667347323,1.4268021979965846,0.1165764667347323,1.983388614050007,-0.526851541719437,0.48,0.48,1
2026-02-08 00:00:00+00:00,-2.5845433840481564,-0.6047516755806283,-1.9797917084675283,-1.9797917084675283,1.8616012516998588,16.60675029344522,16.60675029344522,40.63238897205382,16.60675029344522,1.6445089046397023,-1.6306990458460087,0.55,0.55,1
