timestamp,water_level,rainfall,humidity,alert
2026-01-16T01:46:44.766804+00:00,28.984,26.393,79.151,NORMAL
2026-01-16T01:46:44.766804+00:00,75.784,14.818,80.214,ADVISORY
2026-01-16T01:46:44.767806+00:00,70.723,9.62,84.186,ADVISORY
2026-01-16T01:46:44.767806+00:00,30.513,10.367,66.99,NORMAL
2026-01-16T01:46:44.767806+00:00,66.939,13.364,71.657,ADVISORY
2026-01-16T01:46:44.768806+00:00,66.204,29.504,55.04,WARNING
2026-01-16T01:46:44.768806+00:00,48.081,24.627,54.77,ADVISORY
2026-01-16T01:46:44.769807+00:00,61.991,28.563,57.291,WARNING
2026-01-16T01:46:44.769807+00:00,60.197,23.237,78.958,WARNING
2026-01-16T01:46:44.769807+00:00,63.495,24.05,76.629,WARNING
2026-01-16T01:46:44.769807+00:00,79.344,9.605,50.599,ADVISORY
2026-01-16T01:46:44.771311+00:00,26.85,24.234,66.657,NORMAL
2026-01-16T01:46:44.771311+00:00,59.955,24.599,59.292,WARNING
2026-01-16T01:46:44.771311+00:00,77.364,29.532,74.057,WARNING
2026-01-16T01:46:44.772316+00:00,61.832,28.037,60.893,WARNING
2026-01-16T01:46:44.772316+00:00,61.609,4.004,73.431,ADVISORY
2026-01-16T01:46:44.773316+00:00,48.604,26.009,67.987,ADVISORY
2026-01-16T01:46:44.773316+00:00,45.561,18.811,57.876,ADVISORY
2026-01-16T01:46:44.773316+00:00,35.456,2.369,73.458,NORMAL
2026-01-16T01:46:44.774316+00:00,64.313,27.233,57.259,WARNING
2026-01-16T02:33:18.701081+00:00,21.556,12.772,74.588,0.7511279999999999
2026-01-16T02:33:18.701081+00:00,28.7,22.545,76.96,0.8534879999999999
2026-01-16T02:33:18.702080+00:00,38.579,2.679,71.422,0.6428376
2026-01-16T02:33:18.702080+00:00,41.696,27.239,82.141,0.917202
2026-01-16T02:33:18.703081+00:00,40.947,22.339,70.416,0.8279519999999999
2026-01-16T02:33:18.703081+00:00,49.782,9.847,53.383,0.64671
2026-01-16T02:33:18.703081+00:00,57.398,24.622,92.145,0.9280932000000001
2026-01-16T02:33:18.704080+00:00,76.149,3.064,65.172,0.6240335999999999
2026-01-16T02:33:18.704080+00:00,26.614,2.195,78.603,0.6640427999999999
2026-01-16T02:33:18.705080+00:00,21.28,23.101,65.071,0.8160252
2026-01-16T02:33:18.705080+00:00,35.287,8.274,67.633,0.6829092
2026-01-16T02:33:18.705080+00:00,68.248,20.401,65.744,0.7925279999999999
2026-01-16T02:33:18.706080+00:00,37.602,18.958,63.632,0.771072
2026-01-16T02:33:18.706080+00:00,28.018,3.931,96.791,0.7461851999999999
2026-01-16T02:33:18.707081+00:00,62.762,14.271,54.196,0.6921072
2026-01-16T02:33:18.707081+00:00,42.925,5.016,93.211,0.7437132
2026-01-16T02:33:18.707081+00:00,58.826,1.767,89.377,0.6987203999999998
2026-01-16T02:33:18.708080+00:00,73.523,11.973,85.882,0.7841159999999999
2026-01-16T02:33:18.708080+00:00,29.848,17.479,96.154,0.8739528
2026-01-16T02:33:18.708080+00:00,44.655,0.915,55.205,0.567522
2026-01-16T02:33:18.701081+00:00,21.556,12.772,74.588,0.7511279999999999
2026-01-16T02:33:18.701081+00:00,28.7,22.545,76.96,0.8534879999999999
2026-01-16T02:33:18.702080+00:00,38.579,2.679,71.422,0.6428376
2026-01-16T02:33:18.702080+00:00,41.696,27.239,82.141,0.917202
2026-01-16T02:33:18.703081+00:00,40.947,22.339,70.416,0.8279519999999999
2026-01-16T02:33:18.703081+00:00,49.782,9.847,53.383,0.64671
2026-01-16T02:33:18.703081+00:00,57.398,24.622,92.145,0.9280932000000001
2026-01-16T02:33:18.704080+00:00,76.149,3.064,65.172,0.6240335999999999
2026-01-16T02:33:18.704080+00:00,26.614,2.195,78.603,0.6640427999999999
2026-01-16T02:33:18.705080+00:00,21.28,23.101,65.071,0.8160252
2026-01-16T02:33:18.705080+00:00,35.287,8.274,67.633,0.6829092
2026-01-16T02:33:18.705080+00:00,68.248,20.401,65.744,0.7925279999999999
2026-01-16T02:33:18.706080+00:00,37.602,18.958,63.632,0.771072
2026-01-16T02:33:18.706080+00:00,28.018,3.931,96.791,0.7461851999999999
2026-01-16T02:33:18.707081+00:00,62.762,14.271,54.196,0.6921072
2026-01-16T02:33:18.707081+00:00,42.925,5.016,93.211,0.7437132
2026-01-16T02:33:18.707081+00:00,58.826,1.767,89.377,0.6987203999999998
2026-01-16T02:33:18.708080+00:00,73.523,11.973,85.882,0.7841159999999999
2026-01-16T02:33:18.708080+00:00,29.848,17.479,96.154,0.8739528
2026-01-16T02:33:18.708080+00:00,44.655,0.915,55.205,0.567522
2026-01-16T02:34:59.683283+00:00,51.042,20.298,68.958,0.8031095999999999
2026-01-16T02:34:59.684283+00:00,70.427,20.219,57.343,0.7605371999999999
2026-01-16T02:34:59.685284+00:00,47.79,7.373,81.523,0.7242636
2026-01-16T02:34:59.685284+00:00,48.878,22.752,95.461,0.9220788
2026-01-16T02:34:59.685284+00:00,66.695,24.834,93.921,0.936522
2026-01-16T02:34:59.686283+00:00,63.135,13.573,66.183,0.7285595999999999
2026-01-16T02:34:59.686283+00:00,58.584,29.868,95.757,0.9914579999999998
2026-01-16T02:34:59.687286+00:00,29.23,2.898,85.055,0.6940187999999999
2026-01-16T02:34:59.687286+00:00,66.455,17.664,91.625,0.8594243999999999
2026-01-16T02:34:59.687286+00:00,33.837,21.851,63.066,0.7968071999999999
2026-01-16T02:34:59.688283+00:00,77.022,22.123,57.247,0.77847
2026-01-16T02:34:59.688283+00:00,33.28,19.089,61.725,0.7654643999999998
2026-01-16T02:34:59.689283+00:00,48.639,17.804,70.93,0.7862663999999999
2026-01-16T02:34:59.689283+00:00,40.353,12.963,71.291,0.7410924
2026-01-16T02:34:59.689283+00:00,22.116,1.948,96.819,0.7272491999999999
2026-01-16T02:34:59.690283+00:00,63.879,1.994,60.44,0.5967263999999999
2026-01-16T02:34:59.690283+00:00,74.717,12.824,57.931,0.6916619999999999
2026-01-16T02:34:59.690283+00:00,50.635,26.138,84.782,0.91614
2026-01-16T02:34:59.691283+00:00,76.271,1.341,82.202,0.6688008
2026-01-16T02:34:59.691283+00:00,37.367,7.943,92.96,0.7709087999999998
2026-01-16T02:33:18.701081+00:00,21.556,12.772,74.588,0.7511279999999999
2026-01-16T02:33:18.701081+00:00,28.7,22.545,76.96,0.8534879999999999
2026-01-16T02:33:18.702080+00:00,38.579,2.679,71.422,0.6428376
2026-01-16T02:33:18.702080+00:00,41.696,27.239,82.141,0.917202
2026-01-16T02:33:18.703081+00:00,40.947,22.339,70.416,0.8279519999999999
2026-01-16T02:33:18.703081+00:00,49.782,9.847,53.383,0.64671
2026-01-16T02:33:18.703081+00:00,57.398,24.622,92.145,0.9280932000000001
2026-01-16T02:33:18.704080+00:00,76.149,3.064,65.172,0.6240335999999999
2026-01-16T02:33:18.704080+00:00,26.614,2.195,78.603,0.6640427999999999
2026-01-16T02:33:18.705080+00:00,21.28,23.101,65.071,0.8160252
2026-01-16T02:33:18.705080+00:00,35.287,8.274,67.633,0.6829092
2026-01-16T02:33:18.705080+00:00,68.248,20.401,65.744,0.7925279999999999
2026-01-16T02:33:18.706080+00:00,37.602,18.958,63.632,0.771072
2026-01-16T02:33:18.706080+00:00,28.018,3.931,96.791,0.7461851999999999
2026-01-16T02:33:18.707081+00:00,62.762,14.271,54.196,0.6921072
2026-01-16T02:33:18.707081+00:00,42.925,5.016,93.211,0.7437132
2026-01-16T02:33:18.707081+00:00,58.826,1.767,89.377,0.6987203999999998
2026-01-16T02:33:18.708080+00:00,73.523,11.973,85.882,0.7841159999999999
2026-01-16T02:33:18.708080+00:00,29.848,17.479,96.154,0.8739528
2026-01-16T02:33:18.708080+00:00,44.655,0.915,55.205,0.567522
2026-01-16T02:34:59.683283+00:00,51.042,20.298,68.958,0.8031095999999999
2026-01-16T02:34:59.684283+00:00,70.427,20.219,57.343,0.7605371999999999
2026-01-16T02:34:59.685284+00:00,47.79,7.373,81.523,0.7242636
2026-01-16T02:34:59.685284+00:00,48.878,22.752,95.461,0.9220788
2026-01-16T02:34:59.685284+00:00,66.695,24.834,93.921,0.936522
2026-01-16T02:34:59.686283+00:00,63.135,13.573,66.183,0.7285595999999999
2026-01-16T02:34:59.686283+00:00,58.584,29.868,95.757,0.9914579999999998
2026-01-16T02:34:59.687286+00:00,29.23,2.898,85.055,0.6940187999999999
2026-01-16T02:34:59.687286+00:00,66.455,17.664,91.625,0.8594243999999999
2026-01-16T02:34:59.687286+00:00,33.837,21.851,63.066,0.7968071999999999
2026-01-16T02:34:59.688283+00:00,77.022,22.123,57.247,0.77847
2026-01-16T02:34:59.688283+00:00,33.28,19.089,61.725,0.7654643999999998
2026-01-16T02:34:59.689283+00:00,48.639,17.804,70.93,0.7862663999999999
2026-01-16T02:34:59.689283+00:00,40.353,12.963,71.291,0.7410924
2026-01-16T02:34:59.689283+00:00,22.116,1.948,96.819,0.7272491999999999
2026-01-16T02:34:59.690283+00:00,63.879,1.994,60.44,0.5967263999999999
2026-01-16T02:34:59.690283+00:00,74.717,12.824,57.931,0.6916619999999999
2026-01-16T02:34:59.690283+00:00,50.635,26.138,84.782,0.91614
2026-01-16T02:34:59.691283+00:00,76.271,1.341,82.202,0.6688008
2026-01-16T02:34:59.691283+00:00,37.367,7.943,92.96,0.7709087999999998
2026-01-16T02:35:48.766305+00:00,38.254,9.903,95.957,0.800514
2026-01-16T02:35:48.767305+00:00,77.681,5.008,63.538,0.6368136
2026-01-16T02:35:48.767305+00:00,58.623,4.594,63.102,0.6312695999999999
2026-01-16T02:35:48.768305+00:00,44.629,13.304,94.393,0.8275332
2026-01-16T02:35:48.775109+00:00,65.303,5.344,77.501,0.6903060000000001
2026-01-16T02:35:48.775109+00:00,47.013,24.663,84.992,0.902736
2026-01-16T02:35:48.776114+00:00,65.64,9.122,83.838,0.7493879999999999
2026-01-16T02:35:48.776114+00:00,58.427,24.256,61.521,0.8143332000000001
2026-01-16T02:35:48.777113+00:00,47.127,16.927,66.161,0.7606788
2026-01-16T02:35:48.777113+00:00,79.989,12.439,77.886,0.759804
2026-01-16T02:35:48.777113+00:00,30.498,25.497,96.186,0.9510407999999999
2026-01-16T02:35:48.778113+00:00,44.713,14.969,62.473,0.7286051999999998
2026-01-16T02:35:48.778113+00:00,27.315,6.796,70.452,0.6788687999999999
2026-01-16T02:35:48.779114+00:00,50.162,24.552,73.794,0.8613576
2026-01-16T02:35:48.779114+00:00,32.458,26.931,97.074,0.968004
2026-01-16T02:35:48.779114+00:00,33.536,17.037,56.473,0.726858
2026-01-16T02:35:48.780113+00:00,67.648,10.997,88.242,0.7832424
2026-01-16T02:35:48.780113+00:00,56.817,11.303,63.887,0.698502
2026-01-16T02:35:48.781113+00:00,48.428,5.715,67.617,0.6582852
2026-01-16T02:35:48.781113+00:00,75.692,29.897,89.722,0.9700103999999998
2026-01-16T02:55:10.144582+00:00,34.421,23.67,68.973,1.0
2026-01-16T02:55:10.145582+00:00,20.582,5.059,53.773,0.7526865
2026-01-16T02:55:10.145582+00:00,53.868,6.667,70.97,0.849369
2026-01-16T02:55:10.145582+00:00,66.665,10.537,83.814,0.9536069999999999
2026-01-16T02:55:10.146581+00:00,71.88,10.581,64.823,0.8686754999999998
2026-01-16T02:55:10.146581+00:00,79.411,27.713,62.353,1.0
2026-01-16T02:55:10.147582+00:00,40.151,0.498,83.573,0.8320544999999999
2026-01-16T02:55:10.147582+00:00,48.907,28.77,75.759,1.0
2026-01-16T02:55:10.147582+00:00,69.919,28.219,61.02,1.0
2026-01-16T02:55:10.148582+00:00,31.125,3.782,68.339,0.8029094999999999
2026-01-16T02:55:10.148582+00:00,63.397,3.958,95.517,0.9273224999999999
2026-01-16T02:55:10.149582+00:00,73.902,25.526,87.794,1.0
2026-01-16T02:55:10.149582+00:00,41.12,23.793,75.236,1.0
2026-01-16T02:55:10.149582+00:00,53.658,18.613,97.091,1.0
2026-01-16T02:55:10.150581+00:00,38.907,10.923,57.084,0.8379539999999999
2026-01-16T02:55:10.150581+00:00,47.194,23.138,63.376,1.0
2026-01-16T02:55:10.151582+00:00,72.899,7.21,86.248,0.924636
2026-01-16T02:55:10.151582+00:00,40.939,2.958,83.803,0.8626094999999999
2026-01-16T02:55:10.151582+00:00,49.316,29.488,60.102,1.0
2026-01-16T02:55:10.152582+00:00,55.804,5.816,57.658,0.7792529999999999
2026-01-16T02:55:33.545148+00:00,61.596,27.72,95.801,1.0
2026-01-16T02:55:33.546149+00:00,58.073,19.307,77.822,0.8942985999999999
2026-01-16T02:55:33.546149+00:00,56.583,29.43,68.911,0.9648249
2026-01-16T02:55:33.546149+00:00,24.67,26.412,62.458,0.9082709999999999
2026-01-16T02:55:33.547149+00:00,52.425,16.7,55.918,0.7817601999999999
2026-01-16T02:55:33.547149+00:00,74.796,15.097,71.38,0.8253908000000001
2026-01-16T02:55:33.548148+00:00,25.568,13.85,97.838,0.9156081999999999
2026-01-16T02:55:33.548148+00:00,49.286,10.666,84.13,0.8290334
2026-01-16T02:55:33.548148+00:00,54.146,22.784,68.697,0.8948719
2026-01-16T02:55:33.549148+00:00,42.226,16.625,54.471,0.7753369
2026-01-16T02:55:33.549148+00:00,36.119,15.194,87.164,0.8879572
2026-01-16T02:55:33.550148+00:00,35.097,13.587,65.491,0.7867197
2026-01-16T02:55:33.550148+00:00,35.958,25.203,89.47,1.0
2026-01-16T02:55:33.550148+00:00,78.009,15.404,61.582,0.7903714
2026-01-16T02:55:33.551149+00:00,65.148,15.454,97.63,0.9314786
2026-01-16T02:55:33.551149+00:00,29.848,19.956,65.443,0.8527701000000001
2026-01-16T02:55:33.552148+00:00,25.396,11.465,69.609,0.7807111
2026-01-16T02:55:33.552148+00:00,70.648,14.019,62.469,0.7794266999999999
2026-01-16T02:55:33.553148+00:00,58.17,2.055,84.867,0.7423533000000001
2026-01-16T02:55:33.553148+00:00,69.753,12.862,58.432,0.7516496
2026-01-16T02:56:31.042169+00:00,73.895,11.425,93.627,0.8067371999999998
2026-01-16T02:56:31.043170+00:00,35.32,12.131,71.175,0.7326876
2026-01-16T02:56:31.043170+00:00,62.765,9.447,70.521,0.7045668
2026-01-16T02:56:31.044168+00:00,48.441,15.618,78.064,0.7909631999999999
2026-01-16T02:56:31.044168+00:00,42.527,20.058,95.534,0.8964792
2026-01-16T02:56:31.045166+00:00,40.906,26.462,70.001,0.8660388000000001
2026-01-16T02:56:31.045166+00:00,76.521,1.486,69.519,0.624534
2026-01-16T02:56:31.045166+00:00,37.395,27.867,79.513,0.91377
2026-01-16T02:56:31.046169+00:00,66.227,19.148,89.904,0.8674752
2026-01-16T02:56:31.046169+00:00,25.579,14.519,90.268,0.8243472
2026-01-16T02:56:31.047167+00:00,48.173,15.783,63.477,0.740034
2026-01-16T02:56:31.047167+00:00,35.537,6.512,71.857,0.6812003999999999
2026-01-16T02:56:31.047167+00:00,28.686,3.988,65.903,0.6355356
2026-01-16T02:56:31.048168+00:00,25.483,2.429,60.427,0.6008555999999999
2026-01-16T02:56:31.048168+00:00,41.974,12.741,73.744,0.7477919999999999
2026-01-16T02:56:31.049167+00:00,23.639,19.415,74.58,0.8148719999999999
2026-01-16T02:56:31.049167+00:00,71.364,16.284,81.714,0.8104967999999999
2026-01-16T02:56:31.049167+00:00,55.759,25.61,59.264,0.8192063999999999
2026-01-16T02:56:31.050168+00:00,26.294,20.196,84.817,0.8592228
2026-01-16T02:56:31.050168+00:00,69.73,3.044,96.674,0.7372487999999999
2026-01-16T03:06:08.126990+00:00,76.052,8.247,65.112,0.7297056000000001
2026-01-16T03:06:08.126990+00:00,60.094,0.878,53.996,0.6097156
2026-01-16T03:06:08.127991+00:00,37.023,22.544,72.745,0.9081631000000001
2026-01-16T03:06:08.127991+00:00,62.461,25.645,52.849,0.8628191000000001
2026-01-16T03:06:08.127991+00:00,61.792,18.013,57.089,0.7999823
2026-01-16T03:06:08.129494+00:00,56.166,5.512,85.72,0.7816328
2026-01-16T03:06:08.129494+00:00,24.53,20.211,68.097,0.8657726999999998
2026-01-16T03:06:08.129494+00:00,76.392,26.772,76.07,0.9651018
2026-01-16T03:06:08.130499+00:00,27.378,20.739,60.625,0.8421231
2026-01-16T03:06:08.130499+00:00,44.663,21.867,50.708,0.815178
2026-01-16T03:06:08.131498+00:00,28.097,1.37,55.341,0.6200779
2026-01-16T03:06:08.131498+00:00,72.604,9.476,51.081,0.6877662999999999
2026-01-16T03:06:08.131498+00:00,55.441,17.635,82.329,0.8944871
2026-01-16T03:06:08.132501+00:00,43.807,29.146,55.93,0.9112454
2026-01-16T03:06:08.132501+00:00,79.881,8.801,59.534,0.713713
2026-01-16T03:06:08.132501+00:00,33.292,9.517,65.209,0.7432919
2026-01-16T03:06:08.133504+00:00,42.6,19.768,59.662,0.828269
2026-01-16T03:06:08.133504+00:00,29.372,8.85,68.831,0.7504809000000001
2026-01-16T03:06:08.134498+00:00,68.127,24.696,93.297,1.0
2026-01-16T03:06:08.134498+00:00,41.307,28.482,71.589,0.9654099
2026-01-16T03:06:08.126990+00:00,76.052,8.247,65.112,0.6735744
2026-01-16T03:06:08.126990+00:00,60.094,0.878,53.996,0.5628143999999999
2026-01-16T03:06:08.127991+00:00,37.023,22.544,72.745,0.8383044000000001
2026-01-16T03:06:08.127991+00:00,62.461,25.645,52.849,0.7964484000000001
2026-01-16T03:06:08.127991+00:00,61.792,18.013,57.089,0.7384452
2026-01-16T03:06:08.129494+00:00,56.166,5.512,85.72,0.7215072
2026-01-16T03:06:08.129494+00:00,24.53,20.211,68.097,0.7991747999999999
2026-01-16T03:06:08.129494+00:00,76.392,26.772,76.07,0.8908632
2026-01-16T03:06:08.130499+00:00,27.378,20.739,60.625,0.7773443999999999
2026-01-16T03:06:08.130499+00:00,44.663,21.867,50.708,0.7524719999999999
2026-01-16T03:06:08.131498+00:00,28.097,1.37,55.341,0.5723795999999999
2026-01-16T03:06:08.131498+00:00,72.604,9.476,51.081,0.6348611999999999
2026-01-16T03:06:08.131498+00:00,55.441,17.635,82.329,0.8256804
2026-01-16T03:06:08.132501+00:00,43.807,29.146,55.93,0.8411495999999999
2026-01-16T03:06:08.132501+00:00,79.881,8.801,59.534,0.658812
2026-01-16T03:06:08.132501+00:00,33.292,9.517,65.209,0.6861156
2026-01-16T03:06:08.133504+00:00,42.6,19.768,59.662,0.7645559999999999
2026-01-16T03:06:08.133504+00:00,29.372,8.85,68.831,0.6927516
2026-01-16T03:06:08.134498+00:00,68.127,24.696,93.297,0.9329508
2026-01-16T03:06:08.134498+00:00,41.307,28.482,71.589,0.8911476
2026-01-16T03:12:24.293958+00:00,67.721,29.902,83.015,0.9459132000000001
2026-01-16T03:12:24.293958+00:00,54.029,14.595,74.685,0.7689779999999998
2026-01-16T03:12:24.294957+00:00,74.893,4.834,68.185,0.6518724
2026-01-16T03:12:24.294957+00:00,50.458,17.841,80.614,0.821484
2026-01-16T03:12:24.295961+00:00,34.243,21.067,62.906,0.7887048
2026-01-16T03:12:24.295961+00:00,58.493,13.019,63.995,0.7153643999999999
2026-01-16T03:12:24.295961+00:00,56.628,20.768,62.831,0.7855643999999998
2026-01-16T03:12:24.296958+00:00,65.486,9.788,51.107,0.63795
2026-01-16T03:12:24.296958+00:00,31.109,1.231,87.095,0.6853596
2026-01-16T03:12:24.297957+00:00,40.738,29.514,83.7,0.9446544
2026-01-16T03:12:24.297957+00:00,42.239,19.382,64.267,0.7774283999999999
2026-01-16T03:12:24.297957+00:00,61.479,7.102,87.722,0.7439784
2026-01-16T03:12:24.298958+00:00,24.751,1.717,63.475,0.6049931999999999
2026-01-16T03:12:24.298958+00:00,26.116,3.224,51.066,0.574788
2026-01-16T03:12:24.299960+00:00,52.093,0.517,69.691,0.6158508
2026-01-16T03:12:24.299960+00:00,65.872,5.215,71.883,0.6688428
2026-01-16T03:12:24.299960+00:00,33.135,23.549,88.824,0.9058367999999999
2026-01-16T03:12:24.300958+00:00,26.81,2.333,75.6,0.6545567999999999
2026-01-16T03:12:24.300958+00:00,40.66,3.264,71.104,0.6473088
2026-01-16T03:12:24.301959+00:00,69.092,4.162,52.179,0.5877996
2026-01-16T03:23:04.354860+00:00,56.799,10.718,95.488,0.8738703999999999
2026-01-16T03:23:04.355861+00:00,21.732,5.076,70.266,0.7168278000000001
2026-01-16T03:23:04.355861+00:00,58.708,4.354,93.739,0.8008637000000001
2026-01-16T03:23:04.356860+00:00,42.456,11.749,96.597,0.8889179
2026-01-16T03:23:04.356860+00:00,25.892,8.889,95.347,0.8542989
2026-01-16T03:23:04.356860+00:00,53.889,0.785,66.321,0.6568159
2026-01-16T03:23:04.357859+00:00,43.135,22.581,96.94,1.0
2026-01-16T03:23:04.357859+00:00,64.015,26.603,59.382,0.8982610000000001
2026-01-16T03:23:04.358860+00:00,21.792,25.459,70.171,0.9284405000000001
2026-01-16T03:23:04.358860+00:00,77.288,20.128,66.424,0.8583848000000001
2026-01-16T03:23:04.358860+00:00,79.579,29.39,79.843,1.0
2026-01-16T03:23:04.359861+00:00,55.564,23.631,72.733,0.9194211
2026-01-16T03:23:04.359861+00:00,55.478,18.244,74.979,0.8721557
2026-01-16T03:23:04.359861+00:00,56.885,24.358,54.838,0.8571914
2026-01-16T03:23:04.360860+00:00,38.654,22.346,94.474,0.9908469999999999
2026-01-16T03:23:04.360860+00:00,28.123,23.665,70.001,0.9091198999999999
2026-01-16T03:23:04.361861+00:00,73.279,14.466,59.722,0.7733622000000001
2026-01-16T03:23:04.361861+00:00,35.184,6.444,87.518,0.7983378
2026-01-16T03:23:04.361861+00:00,37.369,24.896,77.237,0.9501427000000001
2026-01-16T03:23:04.362860+00:00,43.042,18.639,83.141,0.9080954999999999
2026-01-16T03:27:11.285918+00:00,44.429,8.231,63.405,0.6116693
2026-01-16T03:27:11.286917+00:00,31.93,3.716,58.256,0.5549456
2026-01-16T03:27:11.286917+00:00,49.471,6.637,52.195,0.5606491000000001
2026-01-16T03:27:11.287918+00:00,67.722,29.087,64.407,0.7985087
2026-01-16T03:27:11.287918+00:00,58.504,20.207,75.552,0.7571432000000001
2026-01-16T03:27:11.287918+00:00,23.664,24.647,91.645,0.8493221000000001
2026-01-16T03:27:11.288917+00:00,22.338,19.607,91.787,0.8054387000000001
2026-01-16T03:27:11.288917+00:00,22.96,2.919,51.567,0.5258583
2026-01-16T03:27:11.289917+00:00,56.272,8.341,59.985,0.6013513
2026-01-16T03:27:11.289917+00:00,42.686,18.589,94.165,0.8043277
2026-01-16T03:27:11.289917+00:00,31.089,18.296,63.721,0.7012841
2026-01-16T03:27:11.290920+00:00,30.828,3.813,96.078,0.6806118000000001
2026-01-16T03:27:11.290920+00:00,43.204,8.12,59.49,0.597773
2026-01-16T03:27:11.291920+00:00,55.871,6.186,69.907,0.6151299000000001
2026-01-16T03:27:11.291920+00:00,43.215,12.363,77.117,0.6932805000000001
2026-01-16T03:27:11.291920+00:00,40.605,8.222,68.205,0.6274300999999999
2026-01-16T03:27:11.292917+00:00,32.033,24.636,85.176,0.8278776
2026-01-16T03:27:11.292917+00:00,44.141,25.589,66.322,0.7740458000000001
2026-01-16T03:27:11.293919+00:00,50.181,18.12,93.804,0.7990092000000001
2026-01-16T03:27:11.293919+00:00,20.118,6.834,95.462,0.7051638
2026-01-16T03:30:29.386612+00:00,49.233,0.466,85.992,0.6740448
2026-01-16T03:30:29.387611+00:00,73.894,24.639,70.05,0.8487144000000001
2026-01-16T03:30:29.387611+00:00,77.441,8.789,50.986,0.6279239999999998
2026-01-16T03:30:29.388615+00:00,34.677,12.36,81.768,0.7730207999999998
2026-01-16T03:30:29.388615+00:00,78.844,13.757,64.455,0.7241052
2026-01-16T03:30:29.389620+00:00,79.47,9.481,88.66,0.7701936
2026-01-16T03:30:29.389620+00:00,53.711,23.078,57.317,0.7878899999999999
2026-01-16T03:30:29.389620+00:00,44.156,0.87,73.953,0.6345827999999999
2026-01-16T03:30:29.390620+00:00,73.677,26.578,89.593,0.9376836000000001
2026-01-16T03:30:29.390620+00:00,37.165,7.617,64.923,0.6668459999999999
2026-01-16T03:30:29.391619+00:00,55.139,7.028,93.439,0.7638492
2026-01-16T03:30:29.391619+00:00,31.312,10.167,63.54,0.6863471999999998
2026-01-16T03:30:29.392620+00:00,75.522,3.22,82.907,0.6893772
2026-01-16T03:30:29.392620+00:00,21.841,14.34,89.365,0.8193779999999999
2026-01-16T03:30:29.392620+00:00,26.026,9.445,82.215,0.746646
2026-01-16T03:30:29.393619+00:00,45.371,17.851,65.982,0.7689048
2026-01-16T03:30:29.393619+00:00,35.1,20.413,71.54,0.8135087999999999
2026-01-16T03:30:29.394620+00:00,37.393,3.398,54.336,0.5882303999999999
2026-01-16T03:30:29.394620+00:00,33.7,19.749,92.201,0.8815139999999998
2026-01-16T03:30:29.394620+00:00,65.399,9.974,61.777,0.6781476000000001
2026-01-16T03:33:04.402564+00:00,52.837,23.152,93.368,0.76532
2026-01-16T03:33:04.402564+00:00,45.541,8.856,75.488,0.5973120000000001
2026-01-16T03:33:04.403565+00:00,44.616,27.662,76.733,0.751495
2026-01-16T03:33:04.403565+00:00,22.891,25.692,62.46,0.6929160000000001
2026-01-16T03:33:04.404566+00:00,35.65,20.041,83.129,0.7097150000000001
2026-01-16T03:33:04.404566+00:00,53.488,26.061,53.456,0.668856
2026-01-16T03:33:04.404566+00:00,30.368,20.265,56.664,0.632112
2026-01-16T03:33:04.405566+00:00,44.133,24.128,72.926,0.711802
2026-01-16T03:33:04.405566+00:00,28.164,22.367,71.166,0.692434
2026-01-16T03:33:04.406567+00:00,28.291,29.837,60.775,0.7210209999999999
2026-01-16T03:33:04.406567+00:00,77.653,26.567,77.543,0.7451650000000001
2026-01-16T03:33:04.406567+00:00,33.181,16.565,85.629,0.689407
2026-01-16T03:33:04.407566+00:00,64.827,15.518,57.07,0.5953539999999999
2026-01-16T03:33:04.407566+00:00,35.319,22.995,61.13,0.6673500000000001
2026-01-16T03:33:04.408573+00:00,27.355,9.735,71.036,0.5909880000000001
2026-01-16T03:33:04.408573+00:00,43.887,13.61,72.89,0.62755
2026-01-16T03:33:04.408573+00:00,61.271,22.46,80.53,0.7212700000000001
2026-01-16T03:33:04.409573+00:00,21.406,13.924,52.973,0.570311
2026-01-16T03:33:04.409573+00:00,39.166,24.252,89.059,0.761193
2026-01-16T03:33:04.410573+00:00,25.549,13.18,52.015,0.561485
2026-01-16T03:39:40.480051+00:00,75.041,14.876,58.259,0.593785
2026-01-16T03:39:40.481050+00:00,70.413,0.31,68.525,0.508055
2026-01-16T03:39:40.481050+00:00,64.453,9.828,50.61,0.530454
2026-01-16T03:39:40.481050+00:00,65.081,4.873,72.783,0.557333
2026-01-16T03:39:40.482050+00:00,57.857,22.778,57.979,0.656161
2026-01-16T03:39:40.482050+00:00,26.208,28.057,79.895,0.764141
2026-01-16T03:39:40.483049+00:00,56.674,23.4,65.47,0.68361
2026-01-16T03:39:40.483049+00:00,26.523,0.971,62.589,0.49553499999999995
2026-01-16T03:39:40.483049+00:00,67.049,3.818,86.052,0.5887
2026-01-16T03:39:40.484049+00:00,23.077,13.138,68.433,0.610403
2026-01-16T03:39:40.484049+00:00,57.309,7.374,58.916,0.53574
2026-01-16T03:39:40.485049+00:00,42.127,26.532,53.316,0.672204
2026-01-16T03:39:40.485049+00:00,57.306,14.561,74.031,0.6385810000000001
2026-01-16T03:39:40.485049+00:00,22.07,3.955,54.995,0.496625
2026-01-16T03:39:40.486048+00:00,46.455,1.947,90.265,0.586371
2026-01-16T03:39:40.486048+00:00,56.322,15.961,85.197,0.683279
2026-01-16T03:39:40.487048+00:00,67.895,25.804,63.351,0.696485
2026-01-16T03:39:40.487048+00:00,56.057,2.473,66.515,0.5193289999999999
2026-01-16T03:39:40.487048+00:00,61.88,24.209,51.841,0.649195
2026-01-16T03:39:40.488048+00:00,48.226,26.389,78.159,0.7455890000000001
2026-01-16T03:45:13.420284+00:00,68.76,7.925,54.153,0.5219294999999999
2026-01-16T03:45:13.420284+00:00,76.143,28.856,50.956,0.600858
2026-01-16T03:45:13.421283+00:00,52.976,18.829,93.611,0.6247325
2026-01-16T03:45:13.421283+00:00,31.84,17.941,55.727,0.5643545
2026-01-16T03:45:13.422282+00:00,62.503,28.389,60.081,0.6126775
2026-01-16T03:45:13.422282+00:00,68.94,0.982,77.686,0.5294570000000001
2026-01-16T03:45:13.422282+00:00,75.229,27.961,62.876,0.615158
2026-01-16T03:45:13.423281+00:00,41.729,22.178,91.559,0.6350505
2026-01-16T03:45:13.423281+00:00,74.469,19.257,94.688,0.6280600000000001
2026-01-16T03:45:13.424281+00:00,29.355,11.898,69.648,0.561064
2026-01-16T03:45:13.424281+00:00,61.565,9.31,67.753,0.5478695
2026-01-16T03:45:13.424281+00:00,25.955,0.593,65.21,0.5091870000000001
2026-01-16T03:45:13.425281+00:00,52.006,9.202,78.19,0.563093
2026-01-16T03:45:13.425281+00:00,35.445,25.451,76.519,0.6255825
2026-01-16T03:45:13.426284+00:00,40.436,23.094,87.937,0.6332815
2026-01-16T03:45:13.426284+00:00,63.668,9.151,94.869,0.5879075
2026-01-16T03:45:13.426284+00:00,70.978,27.363,87.301,0.6494035
2026-01-16T03:45:13.427281+00:00,77.307,28.243,79.231,0.6408185
2026-01-16T03:45:13.427281+00:00,49.996,1.661,64.858,0.512931
2026-01-16T03:45:13.428282+00:00,64.364,16.895,81.61,0.5989949999999999
2026-01-16T03:51:58.396686+00:00,72.906,13.203,64.04,0.567872
2026-01-16T03:51:58.396686+00:00,23.067,12.482,54.067,0.5500285
2026-01-16T03:51:58.397686+00:00,65.67,9.549,69.149,0.5609195
2026-01-16T03:51:58.397686+00:00,65.953,4.582,76.907,0.5526885
2026-01-16T03:51:58.397686+00:00,73.911,13.548,81.124,0.594878
2026-01-16T03:51:58.398685+00:00,70.772,18.203,96.602,0.636715
2026-01-16T03:51:58.398685+00:00,21.372,2.716,82.563,0.5537085
2026-01-16T03:51:58.399686+00:00,47.597,3.605,67.776,0.535084
2026-01-16T03:51:58.399686+00:00,59.232,5.006,90.683,0.5750485
2026-01-16T03:51:58.399686+00:00,47.876,3.371,81.778,0.555151
2026-01-16T03:51:58.400685+00:00,73.644,19.905,73.694,0.6091610000000001
2026-01-16T03:51:58.400685+00:00,70.427,6.797,75.636,0.559642
2026-01-16T03:51:58.401693+00:00,69.82,10.726,56.341,0.5464154999999999
2026-01-16T03:51:58.401693+00:00,67.108,17.284,57.589,0.5745195000000001
2026-01-16T03:51:58.401693+00:00,43.76,12.198,51.928,0.5456840000000001
2026-01-16T03:51:58.402693+00:00,46.906,25.422,81.027,0.6422285
2026-01-16T03:51:58.402693+00:00,31.037,22.21,80.661,0.6288315
2026-01-16T03:51:58.402693+00:00,41.859,28.13,90.571,0.6673765
2026-01-16T03:51:58.403693+00:00,31.757,17.83,75.266,0.6032190000000001
2026-01-16T03:51:58.403693+00:00,75.667,21.35,75.971,0.6183565
2026-01-16T03:53:58.257456+00:00,74.471,7.121,62.385,0.5370615000000001
2026-01-16T03:53:58.257456+00:00,51.979,0.904,62.193,0.5119055
2026-01-16T03:53:58.258459+00:00,30.215,7.293,61.537,0.5364774999999999
2026-01-16T03:53:58.258459+00:00,34.72,0.709,93.832,0.558584
2026-01-16T03:53:58.259457+00:00,37.091,29.493,58.872,0.62128
2026-01-16T03:53:58.259457+00:00,40.989,16.195,88.348,0.612302
2026-01-16T03:53:58.259457+00:00,41.717,13.074,73.287,0.5772265
2026-01-16T03:53:58.260457+00:00,20.98,27.489,73.923,0.6358405
2026-01-16T03:53:58.260457+00:00,75.573,17.222,72.583,0.5927625
2026-01-16T03:53:58.261458+00:00,45.768,28.695,74.41,0.6413949999999999
2026-01-16T03:53:58.261458+00:00,45.01,7.002,57.319,0.5289865
2026-01-16T03:53:58.261458+00:00,27.45,23.785,69.449,0.6143135
2026-01-16T03:53:58.262458+00:00,64.298,23.962,60.576,0.601712
2026-01-16T03:53:58.262458+00:00,48.5,21.873,94.45,0.644167
2026-01-16T03:53:58.263458+00:00,44.523,28.649,79.427,0.6487365
2026-01-16T03:53:58.263458+00:00,75.236,0.841,50.936,0.494768
2026-01-16T03:53:58.263458+00:00,22.797,20.483,87.84,0.628692
2026-01-16T03:53:58.264456+00:00,70.119,8.302,73.65,0.558683
2026-01-16T03:53:58.264456+00:00,59.109,6.731,77.461,0.5581155
2026-01-16T03:53:58.265459+00:00,62.503,18.438,84.17,0.615007
2026-01-16T03:56:51.151142+00:00,72.192,6.787,57.038,0.500705
2026-01-16T03:56:51.151142+00:00,55.841,12.943,60.422,0.530405
2026-01-16T03:56:51.152142+00:00,51.956,27.035,66.067,0.5952405
2026-01-16T03:56:51.152142+00:00,58.206,4.895,87.446,0.538749
2026-01-16T03:56:51.153142+00:00,32.805,2.981,63.477,0.49513949999999995
2026-01-16T03:56:51.153142+00:00,34.329,24.246,57.935,0.5718865
2026-01-16T03:56:51.153142+00:00,57.354,20.154,90.675,0.6046285
2026-01-16T03:56:51.154142+00:00,33.939,19.703,75.487,0.5800425
2026-01-16T03:56:51.154142+00:00,36.446,10.048,68.321,0.5306735
2026-01-16T03:56:51.155142+00:00,47.641,17.239,87.274,0.587867
2026-01-16T03:56:51.155142+00:00,48.934,14.952,68.065,0.5499054999999999
2026-01-16T03:56:51.155142+00:00,39.713,28.526,79.832,0.621852
2026-01-16T03:56:51.156142+00:00,79.247,20.468,58.187,0.5571524999999999
2026-01-16T03:56:51.156142+00:00,25.935,3.737,57.96,0.489888
2026-01-16T03:56:51.157142+00:00,26.247,5.999,94.087,0.5531265
2026-01-16T03:56:51.157142+00:00,56.613,15.261,64.206,0.545353
2026-01-16T03:56:51.157142+00:00,59.346,21.99,89.444,0.610126
2026-01-16T03:56:51.158142+00:00,79.842,12.767,61.218,0.530895
2026-01-16T03:56:51.158142+00:00,50.251,21.056,79.553,0.5915535
2026-01-16T03:56:51.159142+00:00,26.565,16.278,72.778,0.562279
2026-01-16T03:56:51.151142+00:00,72.192,6.787,57.038,0.42670499999999995
2026-01-16T03:56:51.151142+00:00,55.841,12.943,60.422,0.456405
2026-01-16T03:56:51.152142+00:00,51.956,27.035,66.067,0.5212405
2026-01-16T03:56:51.152142+00:00,58.206,4.895,87.446,0.464749
2026-01-16T03:56:51.153142+00:00,32.805,2.981,63.477,0.42113949999999994
2026-01-16T03:56:51.153142+00:00,34.329,24.246,57.935,0.49788649999999995
2026-01-16T03:56:51.153142+00:00,57.354,20.154,90.675,0.5306285
2026-01-16T03:56:51.154142+00:00,33.939,19.703,75.487,0.5060425
2026-01-16T03:56:51.154142+00:00,36.446,10.048,68.321,0.4566735
2026-01-16T03:56:51.155142+00:00,47.641,17.239,87.274,0.5138670000000001
2026-01-16T03:56:51.155142+00:00,48.934,14.952,68.065,0.4759054999999999
2026-01-16T03:56:51.155142+00:00,39.713,28.526,79.832,0.547852
2026-01-16T03:56:51.156142+00:00,79.247,20.468,58.187,0.48315249999999993
2026-01-16T03:56:51.156142+00:00,25.935,3.737,57.96,0.415888
2026-01-16T03:56:51.157142+00:00,26.247,5.999,94.087,0.47912649999999996
2026-01-16T03:56:51.157142+00:00,56.613,15.261,64.206,0.47135299999999997
2026-01-16T03:56:51.157142+00:00,59.346,21.99,89.444,0.5361259999999999
2026-01-16T03:56:51.158142+00:00,79.842,12.767,61.218,0.456895
2026-01-16T03:56:51.158142+00:00,50.251,21.056,79.553,0.5175535
2026-01-16T03:56:51.159142+00:00,26.565,16.278,72.778,0.48827899999999996
2026-01-16T04:04:34.335653+00:00,53.794,22.822,93.933,0.5461875
2026-01-16T04:04:34.335653+00:00,21.466,12.624,55.745,0.4481135
2026-01-16T04:04:34.336658+00:00,40.41,1.682,54.425,0.4023655
2026-01-16T04:04:34.336658+00:00,62.611,6.72,96.948,0.48630199999999996
2026-01-16T04:04:34.336658+00:00,40.805,28.59,62.929,0.5227535
2026-01-16T04:04:34.337656+00:00,47.284,23.572,90.305,0.5437455
2026-01-16T04:04:34.337656+00:00,43.379,27.093,61.604,0.514778
2026-01-16T04:04:34.338653+00:00,49.374,26.216,83.261,0.5437555000000001
2026-01-16T04:04:34.338653+00:00,39.522,28.289,83.906,0.553015
2026-01-16T04:04:34.339655+00:00,29.58,16.836,95.834,0.5250950000000001
2026-01-16T04:04:34.339655+00:00,76.572,1.348,71.585,0.42676949999999997
2026-01-16T04:04:34.339655+00:00,57.783,8.874,67.064,0.450092
2026-01-16T04:04:34.340653+00:00,52.27,19.925,52.56,0.47254
2026-01-16T04:04:34.340653+00:00,26.196,29.542,77.536,0.5484720000000001
2026-01-16T04:04:34.341653+00:00,51.776,28.963,59.18,0.5186219999999999
2026-01-16T04:04:34.341653+00:00,20.254,22.918,65.047,0.5032425
2026-01-16T04:04:34.341653+00:00,74.021,6.433,59.045,0.4282995
2026-01-16T04:04:34.342654+00:00,60.747,25.567,87.3,0.547218
2026-01-16T04:04:34.342654+00:00,73.492,20.534,57.525,0.48242349999999995
2026-01-16T04:04:34.343653+00:00,29.287,5.73,94.075,0.47803249999999997
2026-01-16T03:56:51.151142+00:00,72.192,6.787,57.038,0.567705
2026-01-16T03:56:51.151142+00:00,55.841,12.943,60.422,0.5974050000000001
2026-01-16T03:56:51.152142+00:00,51.956,27.035,66.067,0.6622405
2026-01-16T03:56:51.152142+00:00,58.206,4.895,87.446,0.6057490000000001
2026-01-16T03:56:51.153142+00:00,32.805,2.981,63.477,0.5621395
2026-01-16T03:56:51.153142+00:00,34.329,24.246,57.935,0.6388865
2026-01-16T03:56:51.153142+00:00,57.354,20.154,90.675,0.6716285000000001
2026-01-16T03:56:51.154142+00:00,33.939,19.703,75.487,0.6470425
2026-01-16T03:56:51.154142+00:00,36.446,10.048,68.321,0.5976735000000001
2026-01-16T03:56:51.155142+00:00,47.641,17.239,87.274,0.6548670000000001
2026-01-16T03:56:51.155142+00:00,48.934,14.952,68.065,0.6169055
2026-01-16T03:56:51.155142+00:00,39.713,28.526,79.832,0.688852
2026-01-16T03:56:51.156142+00:00,79.247,20.468,58.187,0.6241525
2026-01-16T03:56:51.156142+00:00,25.935,3.737,57.96,0.556888
2026-01-16T03:56:51.157142+00:00,26.247,5.999,94.087,0.6201265
2026-01-16T03:56:51.157142+00:00,56.613,15.261,64.206,0.612353
2026-01-16T03:56:51.157142+00:00,59.346,21.99,89.444,0.677126
2026-01-16T03:56:51.158142+00:00,79.842,12.767,61.218,0.5978950000000001
2026-01-16T03:56:51.158142+00:00,50.251,21.056,79.553,0.6585535
2026-01-16T03:56:51.159142+00:00,26.565,16.278,72.778,0.629279
2026-01-16T04:04:34.335653+00:00,53.794,22.822,93.933,0.6871875000000001
2026-01-16T04:04:34.335653+00:00,21.466,12.624,55.745,0.5891135000000001
2026-01-16T04:04:34.336658+00:00,40.41,1.682,54.425,0.5433655000000001
2026-01-16T04:04:34.336658+00:00,62.611,6.72,96.948,0.627302
2026-01-16T04:04:34.336658+00:00,40.805,28.59,62.929,0.6637535000000001
2026-01-16T04:04:34.337656+00:00,47.284,23.572,90.305,0.6847455
2026-01-16T04:04:34.337656+00:00,43.379,27.093,61.604,0.6557780000000001
2026-01-16T04:04:34.338653+00:00,49.374,26.216,83.261,0.6847555000000001
2026-01-16T04:04:34.338653+00:00,39.522,28.289,83.906,0.694015
2026-01-16T04:04:34.339655+00:00,29.58,16.836,95.834,0.6660950000000001
2026-01-16T04:04:34.339655+00:00,76.572,1.348,71.585,0.5677695
2026-01-16T04:04:34.339655+00:00,57.783,8.874,67.064,0.5910920000000001
2026-01-16T04:04:34.340653+00:00,52.27,19.925,52.56,0.6135400000000001
2026-01-16T04:04:34.340653+00:00,26.196,29.542,77.536,0.6894720000000001
2026-01-16T04:04:34.341653+00:00,51.776,28.963,59.18,0.659622
2026-01-16T04:04:34.341653+00:00,20.254,22.918,65.047,0.6442425
2026-01-16T04:04:34.341653+00:00,74.021,6.433,59.045,0.5692995000000001
2026-01-16T04:04:34.342654+00:00,60.747,25.567,87.3,0.688218
2026-01-16T04:04:34.342654+00:00,73.492,20.534,57.525,0.6234235
2026-01-16T04:04:34.343653+00:00,29.287,5.73,94.075,0.6190325000000001
2026-01-16T04:07:47.724868+00:00,28.546,22.08,76.687,0.6583505000000001
2026-01-16T04:07:47.725868+00:00,34.704,28.556,83.511,0.6944905
2026-01-16T04:07:47.725868+00:00,45.367,8.472,94.302,0.630341
2026-01-16T04:07:47.725868+00:00,26.287,4.394,95.935,0.6164785
2026-01-16T04:07:47.726867+00:00,62.595,7.765,75.759,0.5996985
2026-01-16T04:07:47.726867+00:00,37.224,3.346,58.409,0.5559975
2026-01-16T04:07:47.727869+00:00,35.231,13.979,82.411,0.6345325
2026-01-16T04:07:47.727869+00:00,74.324,22.428,76.646,0.6596810000000001
2026-01-16T04:07:47.728867+00:00,67.954,26.703,54.215,0.6431345
2026-01-16T04:07:47.728867+00:00,59.515,22.019,95.224,0.6859120000000001
2026-01-16T04:07:47.728867+00:00,76.28,5.367,53.82,0.5571980000000001
2026-01-16T04:07:47.729866+00:00,56.365,5.474,54.246,0.558265
2026-01-16T04:07:47.729866+00:00,61.862,19.679,77.231,0.6495625
2026-01-16T04:07:47.730867+00:00,64.222,24.62,63.535,0.6487825
2026-01-16T04:07:47.730867+00:00,59.935,22.905,69.232,0.650468
2026-01-16T04:07:47.730867+00:00,29.565,24.62,85.67,0.6819850000000001
2026-01-16T04:07:47.731866+00:00,21.241,12.792,52.007,0.5841785
2026-01-16T04:07:47.731866+00:00,29.011,0.235,51.678,0.5334570000000001
2026-01-16T04:07:47.732867+00:00,77.306,25.13,59.555,0.6448525
2026-01-16T04:07:47.732867+00:00,38.264,14.379,86.637,0.6424715000000001
